,Unnamed: 0,Tweet,Scores
0,2,kpuid bawasluri mantap,1.0
1,3,legowo sama hasil situng emng kalah legowo pilgub dki aman,1.0
2,4,liat timeline kpu bakal tabrak hehe,-1.0
3,5,komplek mega mai mana suaranya salah input kpu tps lurah padang sarai komplek mega mai kota,-1.0
4,6,tps gerung utara gerung lombok barat ntb input web kpu suai c asli janggal c,-1.0
5,7,malah lebih dahsyat salah inputnya,-1.0
6,8,salah kpu input data formulir c manusiawi,-1.0
7,9,kpuid sedikit bocor,-1.0
8,10,salah kpuid kpu tanya komisi ii dpr pilih manusia goblok gini jadi komisioner kpu,-1.0
9,11,rakyat surabaya tuntut suara dirampok inilah hasil curang dibiar rakyat lawan,-1.0
10,12,pemilu kali beres situngnya beres rekap kabupaten beres otomatis hasilnya be,-1.0
11,13,tolak narasi curang pmii gelar aksi dukung kpu bawaslu,-1.0
12,14,kpkri bap udah revisi situng kpu direvisi bener sem,1.0
13,18,sang profokator jati,-1.0
14,20,suai kicau lama pakar itb sebut situng dikendali intruder sebut asal depan gambir,-1.0
15,22,ibarat kasih jatah ma trus ma jatah namanya dasar rakus,-1.0
16,26,kpu situng gaduh buat ditahan,-1.0
17,28,dukung cinta indonesia adil makmur curang pemilu kedepannya jangan,1.0
18,29,bpn prabowo serah bukti duga curang situng kpu bawaslu duga curang,-1.0
19,30,temu jokow ditengah curang kpu massif sisa gerindra,-1.0
20,31,bukti dukung punya ilmu politik dikit langsung ngegas gitu,-1.0
21,40,situng kpuid erorr dicaya,-1.0
22,41,bilang kalian lembaga survey bayar atur quick count adil paling bertanggungjawab atas ricuh,1.0
23,43,nyata duka citasimpati atas jadi jokowi jancuk,1.0
24,44,situng kpu dinilai tambah kacau brutal,-1.0
25,45,guru besar ui kpu layak jadi hasil pemilu,1.0
26,46,situng kpu disusupi c palsu suara jokowi medan tambah selesai khawatir akibat belas ribu human error,-1.0
27,48,lama nongol romy sampai selamat kpu laksana pemilu jurdil,1.0
28,49,menang telak jawa barat jawa timur dki banten aceh padang ntb jambi,1.0
29,50,jahat oknum kpu jadi tps gerung utara upload c palsu menang paslon,-1.0
30,52,insya allah senin besok mulai puasa ramadhan sama mohon maaf lahir batin moga semua jalan,1.0
31,53,habib rizieq nilai real count bahaya bentuk opini salah masyarakat,-1.0
32,54,kpu kata situng kpu dijadi bagai patok dijadi patok hitung manual kalau,-1.0
33,55,kpuid demokrat melenggang hadap jokowi sisa gerindra pks,-1.0
34,56,tiap fungsionaris lembaga selenggara pemilu lu komentar suatu suatu potensi undang,1.0
35,58,hati banyak alih isu fokus kinerja kpu lengah dikit tewas,-1.0
36,59,press release serah bukti lebih salah input situng kpuid diima bawaslu,-1.0
37,61,jahat rezim jokowi kpuid pemilu lebih parah jahat pki brutal nyangkal jahat kedok,-1.0
38,63,jelas kpuid prov jawa barat kota kota sukabumi lembursitu kel situmekar tps,1.0
39,64,x bawaslu serah bukti curang pemilu masuk minta bawaslu lihat proses input data kpu,-1.0
40,66,luar biasa tim it bpn temu salah input data situng kpuid bukti diserah bawasluri kesal,-1.0
41,67,kembali indonesia pemilu buruk panjang sejarah dunia,-1.0
42,68,beda demokrasi bangsa indonesia paling suka ketidak adilan fraud curang inkompetensi,-1.0
43,69,kaum dungu koor berjamaah tawa ala karniilyas yukk enak jadi dungu,-1.0
44,70,saran betul bang masalahnya belah mulai radang abangku panik tutup,-1.0
45,71,viral yok bawa bukti lebih salah input situng kpu it bpn desak bawasluri henti situng kpuid,-1.0
46,72,bawa bukti ribu lebih salah input relawan it bpn desak bawaslu henti situng kpu,-1.0
47,74,bu situng kpu direvisi bap direvisi banyak ajaib sejak rezim kuasa,1.0
48,75,baru hasil real count kpu pilpres jokowi vs prabowo hari jumat mei data masuk jokowimaruf,1.0
49,76,pikir lantas siapa bertanggung jawab atas semua bang lulus menjdi kpu sedang tugasnya,1.0
50,77,forensik mayat,-1.0
51,78,pantesan klo kamvrets pintar enak bilang dungu data sedia sedang dibaiki sama kpu,1.0
52,81,bunya hampir salah input,-1.0
53,82,potret curang bpn prabowosandi struktur sistimatis masif bawasluri kpuid saksi prabowo,-1.0
54,83,kpu salah input suara jokowimaruf bengkak johor baru,-1.0
55,84,saksi prabowosandi tanda tangan berita acara hasil rekapitulasi kpu kota blitar padahal temu,1.0
56,85,bpn prabowosandi lapor kpu lembaga survei bawaslu,-1.0
57,87,nyata ruang kpu macam tor kalurahan sempit alat t dihargai segitu,-1.0
58,88,kpuid kpu emang pekok bahlul,-1.0
59,90,hukum kpuid mantap,1.0
60,91,hadiri acara silaturahmi rekonsiliasi pasca pilih umum gunungkidul dim,1.0
61,92,video awasi situng saran masuk diawasi cek ulang data situng entri,1.0
62,93,kpuid data tampilan depan dibaiki dibuka eh data sedia naik,1.0
63,94,hampir semua lihat curang bawaslu curang ketidak netralan ribu kpps,-1.0
64,95,curang curang,-1.0
65,97,tular kpu prof,-1.0
66,99,situng kpu soal capres jokowi unggul sen,1.0
67,101,kapok malu kpuid diberita media mainstream,-1.0
68,102,sabtu pagi hasil hitung via kawalpemilu situng kpuid,1.0
69,103,hati hati kpu,1.0
70,104,situng kpuid kacau brutal dajjalkah kopi pagi akhir syaban sruputan nikmat sambut ramadhan smoga dajjal,-1.0
71,105,langkah sinergi jalin lalu suluh bangsa tokoh turut diwujud kpuid,1.0
72,107,kalau salah input us siapa caya situng kpu,-1.0
73,111,be smart netizen edar berita hoax kait broadcast media chat whatsapp isi konten gila ny,-1.0
74,112,bpn lapor kpu lembaga survei kebawaslu,-1.0
75,113,moga kalian segera,1.0
76,114,pulang kunjungi kpuid prof jadi tular salah input,-1.0
77,115,kpuid cebong anjing,-1.0
78,118,gawat banyak surat suara coblos setan kpu mnyelesainya lalu mk kpu input data,-1.0
79,122,press release serah bukti lbh salah input situng kpuid diima bawas,-1.0
80,123,dahsyat tim it prabowo lapor salah input bawaslu buktibukti tunjuk kpuid tindak,-1.0
81,124,hukum kpuid cebong bangsat,-1.0
82,126,benersitung dikendali intruder fungsi ubah data disesuai dgn qc pusatnya gambir pakar,-1.0
83,127,kpu kata situng kpu dijadi bagai patok dijadi patok hitung manual kalau,-1.0
84,129,kata kpu caya kalau kambing ngeong kamu caya,-1.0
85,130,bu situng kpu direvisi bap direvisi banyak ajaib sejak rezim kuasa,1.0
86,131,bpn tanya hitung suara kpu,1.0
87,133,kpuid selamat buat rakyat apatis,-1.0
88,134,selamat pagi semua jadi acu bukti bawasluri kpuid,1.0
89,136,akhir tivi arab diwakili aljazera berita bentuk curang jadi pilpres gimana,-1.0
90,138,masyaallah iknya matahari surabaya henti langkah masyakat suara benar tuntut adil,1.0
91,139,ngigau ni nyoblos dasar tug hoax,-1.0
92,140,kpuid nyata sekelas kpuid seleranya akun bokep penghina rosululloh,-1.0
93,141,bubar kpuid isinya sampah dapur,-1.0
94,142,jakarta proses hitung suara hasil pilih presiden cara real count,1.0
95,143,kpuid bawasluri kejar imbang quickcount tv,1.0
96,144,cucu diri nu gus aam tantang kpu sumpah mubahalah bukti curang,-1.0
97,145,c berapa lapis jangan coba tipu rakyat tebar kacau semua,-1.0
98,146,moga babinsa jauh lebih jujur kpu bekualitas,1.0
99,147,barusan muncul lama bang situng kpu bermasalah disinggung kali,-1.0
100,148,salah bangsa salah rezim rezim kuasa sekarang jadi gaduh disana,-1.0
101,150,selesai baiki,1.0
102,151,menang barca atas lfc curang struktur sistematis masif desak kpu bawaslu,-1.0
103,152,salah entry doang,-1.0
104,153,bocah kelas i masuk database katanya security data utamanya aman gimana ahli kira ruang penting kpu,1.0
105,154,curi diganti jadi salah ambil,-1.0
106,155,prabowo mas sandiuno tetap semangat safari beri semangat ucap ima kasih dukung,1.0
107,157,pleno kpu kuningan rini sujiyanti kalah oni suara calon dpd ri,1.0
108,158,jangan jadi salah jadi biasa kpuid,-1.0
109,159,kalau benar kpuid libat atur skor bawasluri tindak tunggu azab allah,-1.0
110,160,tim prabowo serah box container bukti salah input data situng kpu,-1.0
111,161,lucu jago maksa jadi presiden anak kecil minta men lolypop,-1.0
112,163,situng kpu sabtu pagi lihat jokowimaruf unggul sen,1.0
113,164,usah dite ble kegencet ketidakwarasannya sendiri harusnya diganti mundur semua,-1.0
114,165,betul bang kalau bu people power kpu bakal ngakui salah,1.0
115,166,lihat pemilu pilpres uras anggar sangat besar capai rp triliun mirisnya,1.0
116,168,kata kpu caya,-1.0
117,169,hari kampret bahas curang kpu hastag kali nai kpucurangrakyatmelawan padahal,-1.0
118,170,hasil pemilu diima rakyat baik aspirasi suara rakyat dihitung bareng situng kpuid sulit diima,-1.0
119,171,kunjung prabowosandi aceh raya syukur menang bpn prabowosandi bawaslu bahas curang it situng kpu,1.0
120,172,situng mulai melambat signifi naik suara suara  situs kpuid kayaknya berat input,-1.0
121,173,real count kpu sen jokowimaruf unggul sekira juta suara,1.0
122,174,kpu bilang situng bu patok media tv tiap menit siar hasil situng jadi alat propaganda dong,-1.0
123,176,suara gerus bu situng kpu rekap  kabupaten suara sampang susut ppk kedungdung,-1.0
124,177,curang kpu sungguh biadab laknat kalian hey antek rezim sontoloyo,-1.0
125,179,satu salah,-1.0
126,180,serius t servernya begini pleasa kpuid lebih dicaya jangan takut diaudit forensik,-1.0
127,181,bpn prabowo sandi halal macam cara menang walaupun posisi kalah cara biadab dilaku,1.0
128,182,bayang tug input data kpu kerja bank berapa milyar rupiah uang nasabah lenyap dungu bangga,-1.0
129,183,kpuid goblok,-1.0
130,184,like kpuid,1.0
131,185,trus c palsu,-1.0
132,187,propinsi aceh hasil rapat pleno kip kpu tingkat kota aceh utk pilpres siapakah kuat kota banda,1.0
133,188,gila bener situng dikendali intruder fungsi ubah data disesuai qc pusatnya gambir pakar,-1.0
134,191,kpuid salahnya bu sedikit salah hampir tiap hari,-1.0
135,192,tps gerung utara camat gerung lombok barat ntb input web kpu suai c asli janggal c,-1.0
136,194,kpuid bawasluri lihat cermati rakyat disuguhi curang,-1.0
137,195,kpuid bayar janji hutang hutang dibayar kalau dibayar sama,-1.0
138,196,atur kpu no tahun pasal ayat disebut c dipindai situng paling lambat hari,-1.0
139,197,dukung prabowo ntb minta kpuid diskualifikasi jokowimaruf desak bawaslu kpu putus batal,-1.0
140,199,situng kpu layak salah input diancam pidana,-1.0
141,200,kalau stop kpu ngeyel,-1.0
142,201,jumlah tumpang beoing max kitar jatuh seluruh dunia prihatin pemilu indonesia,-1.0
143,202,server kpu rasa warnet,1.0
144,205,bedanya jawa barat sama jawa tengah n jauh kali selisih inputannya kalau fair kpu mintol input,-1.0
145,207,resmi bpn lapor data salah input situng kpuid bawasluri,-1.0
146,208,enak ngomong ngademin beresin kpu sby tinggal bilang jujur sby kaya anak,1.0
147,209,situng kpu dibiayai rakyat jangan dipake buat ngebohongin ngebodohi rakyat,-1.0
148,210,cuman laksana intah hr pakai alas segala situng kpu bermasalah,1.0
149,211,baru medan sumut jateng jatim bali lebih gila jateng wow jujur,1.0
150,213,kpu depok salah input suara jokowi ditulis,-1.0
151,214,moga tugas sengaja pangkas suara dipangkas umurnya dipangkas rezekinya amin,1.0
152,215,bpn prabowo serah bukti duga curang situng kpu bawaslu duga curang,-1.0
153,218,kata pepatah anjing gonggong kpu tetap lalu moga curang dilaknat allaha amin,-1.0
154,219,fadlizon ngajak ikut dukung stop situng kpu ogah,-1.0
155,222,situng kpu sabtu pagi lihat jokowimaruf unggul sen,1.0
156,223,maksudnya takut justru tegas didepan publik intah lalu menko tolak tunduk,-1.0
157,224,negaraku hancur lebur palsu c masuk tanda tangan palsu sebuah jahat kasus c tps gerung,-1.0
158,225,tarawih rakaat witir rakaat rakaat tarawih rakaat witir rakaat rakaat awas salah input good pagi,-1.0
159,226,makin jelas curang telanjang laknatlah kalian orangorang curang,-1.0
160,228,kpuid salah sedikit disebut gagal kalau salah banyak sebut,-1.0
161,229,kpuid caya sama kpu banyak omong mulai kardus anti air kuat katanya dulu hadeh sekarang dibilang human error,-1.0
162,230,lemhannas minta semua pihak paksa kpu,1.0
163,231,bapak jangan koar medsos bicara sama kpu kasus diselesai cara buka,-1.0
164,234,hawa negatif mendung kelabu selimut kpu,-1.0
165,235,apresiasi khusus presiden tokohtokoh nasional atas laksana pemilu raya cara,1.0
166,236,banyak data suai c prodem minta situng kpu dihenti,1.0
167,237,stop situng kpu pola hitung manual disaksi publik cara buk,1.0
168,239,kpuid serius tunduk jangan dibibir dihati,-1.0
169,242,kpuid usah tutup mata zolimi karna te rakyat te karna rasa suara zolimi,-1.0
170,243,kpuid jangan jadi punya mata lihat punya telinga,-1.0
171,245,tunggu situng kpu sby imbau semua pihak tahan diri,1.0
172,246,ketua pbnu cayai hasil hitung kpu,1.0
173,248,beberapa besarkah caya hadap situs pilpres kpu rasa khawatir,-1.0
174,249,situng kpu bu hitung menang pilpres hitung manual dianggap sah kpu,1.0
175,250,kpu ri bawaslu selidik sbenarnya tuju harap dibalik,1.0
176,252,c dibikin rangkap dg isi data sama tanda tangan cara sah masing saksi diberika satu,1.0
177,253,kpu pangkalpinang selesai rekapitulasi tujuhkecamatan,1.0
178,254,sukses buat kpu selenggara pemilu lancar jujur buat,1.0
179,256,uslah tunjuk bukti fakta jangan nah lelah lawan curang,-1.0
180,257,jejak sangka mulai admin kpuid,-1.0
181,258,jokowi kpuid mesti takut bunya udah menang paham sama kalian wkwk,1.0
182,259,tim cari fakta curang tim bpn rosiade kalau curang tolak bentuk tim cari,-1.0
183,260,bila nyata soegianto soelistiono benar nyata dikategori salah curang jahat kpuid,-1.0
184,261,ang waras selenggara pemilu suara rampok kaya negara,-1.0
185,262,udah buzer kpu ri bersih dulu kpu sekarang dukung,1.0
186,263,tolak people power aliansi mahasiswa bandung siap kawal kpu,1.0
187,265,kpuid eits hati moga ngetuitnya ikhlas,1.0
188,266,moga kpu tetap amanah komisioner kpu ilham saputra komisi pilih umum kpu curang,1.0
189,268,situng kpu dihack intruder depan stasiun gambir dukung pasang calon paslon presiden prabowo subiantow,-1.0
190,270,lebih salah input data situng kpu,-1.0
191,271,dipajang kpu lalu situng nyata banyak kali salah lebih parah palsu c udah salah segera,-1.0
192,272,main lapak kardus kpu chek in hotel semeru bogor segala dungu,-1.0
193,273,abotan bekas warnet sekarang disimpan tor kpu bangga tunjuk abotan rasa malu uang,1.0
194,275,jatah libur kena piket kpu mati,-1.0
195,276,ingat berita media kompas desember kata salah sedikit pemilu disebut gagal,-1.0
196,277,situng kpu baru capai sen,1.0
197,280,kpu bawaslu diberi bukti lebih salah beri rakyat transparansi jujur adillah rakyat,-1.0
198,282,kpuid trus ngapain kamu follow lupa sibuk ngurus anak sama suami,-1.0
199,283,masif salah situng kpuid sinting fb pakar it univ airlangga prof soegianto soelistiono,-1.0
200,284,kerja mu kek gitu,1.0
201,287,bah kait pencurangan c aspal wanti sejak lama bantu kpu,-1.0
202,288,urus salah kampret keluar namanya keliru manusiawi manusia begok,-1.0
203,290,pakar it universitas airlangga temu salah input data situng kpu henti situng kpu bagaimana,-1.0
204,292,bang karni buya kpu te pihak manapun,1.0
205,294,pakai etika sedikit sabar sedikit hasil kpu umum kasih,1.0
206,299,darurat curang kait c input data kpu aktivis desak kpuid tutup situng,-1.0
207,300,asal ngemeng tong kemarin tantang,1.0
208,304,semua postingan dihapus lebih dulu akun professor soegianto soelistiono bongkar curang kpu tewas,-1.0
209,305,penting rakyat penting golong turut beberapa lembaga survey,1.0
210,306,update baru hasil real count kpu pagi mei suara masuk,1.0
211,307,bpn lapor kpu lembaga survei bawaslu,-1.0
212,308,uji benar ima rc kpuid main aman oportunist capek,1.0
213,309,kpuid curang ma,-1.0
214,310,henti situng kpu salah sangat brutal banyak salah input data situng jumlah,-1.0
215,311,setauku situng bu dasar tetap jumlah suara tetap jumlah suara tetap hitung manual situng,1.0
216,314,situs kpu sama survey qc menangin bayar bentuk opini,-1.0
217,315,akhir bpn prabowosandi buka rahasia curang hasil input data kpuid banyak kemarin,-1.0
218,316,kpuid bawasluri dkppri penanggungjawab selenggara pemilu cara caya rakyat yuk,-1.0
219,317,kalau aplikasi situng buka luang salah input ang baik stop baiki dulu artinya,-1.0
220,319,update jelang pagi data masuk selisih suara juta moga wiken lancar senang,1.0
221,321,minta rizieq shihab henti situng kpu dinilai aneh,-1.0
222,323,intelijen eks kopassus oasi cipta kondisi kpu curang,-1.0
223,324,kawatir hitung kpu hasilnya beda hitung tim tetap hitung,1.0
224,327,maaf prof inilah udah bela kpuid curang jadi ngehitungnya ikut hitung kpu,1.0
225,328,hukum alam sama hukum rimba satu kabupaten beda camat,1.0
226,331,tutup situng komisioner kpu dijerat pidana,-1.0
227,332,kpuid salah tegur tahan salah dungu,-1.0
228,333,baru governoor of indonesia,1.0
229,334,pecah maya jangan ditambah kpu bawaslu pasti bener kasihan pemilu,1.0
230,335,modus baru lalu tps menang dgn suara tanda tangan semua saksi sampe kpu c beda,1.0
231,337,heran kampret awalnya kalah qc suruh nunggu kpu gilir hitung real kpu hampir selesai kelejotan,1.0
232,338,nyata ruang kpu macam tor kalurahan sempit alat t dihargai segitu,-1.0
233,339,hati sekarang data kpu dibaiki human error urut manusia,-1.0
234,340,kali bawaslu serah bukti curang pemilu masuk minta bawaslu lihat proses input data kpu,-1.0
235,341,selamat pagi proses semua data masuk proses data menang paslon,1.0
236,343,teller bank salah input setor sanksi lho teller bank salah input angka setor sistem bank,-1.0
237,344,kpuid rampok suara rakyat,-1.0
238,346,kpuid suara naik duluan lu revisi naik belag lu revisi duh kacau,1.0
239,348,kalau kemudian minta real count situng didrop disetop aneh demokrasi makin maju alat,-1.0
240,349,komplek mega mai mana suaranya salah input kpu tps lurah padang sarai komplek mega mai kota padang,-1.0
241,350,mimin kpuid sayang kapan postingan like gitu mimin like postingan,1.0
242,351,kpuid ingat jendral mallaby tewas surabaya nopember,-1.0
243,353,oppositelinks kpuid bawasluri cara simpen video tweeps gimana kudet bener emak,1.0
244,355,maspiyuuu kpuid jarot kalah sumut,1.0
245,356,kpu hasil pemilu ditentu it semua beri situng kpu us laku input data,1.0
246,358,kpuid nyata mana kau dusta kerja kotor kau bayar mahal goblok,-1.0
247,359,kpuid ngibul kau tunggu adzab,-1.0
248,361,cek situs hitung kpuid jaksel banyak kosong gimana,1.0
249,362,baik situng kpu dihenti lalu banyak errornya,1.0
250,363,berani pulang katanya takut sama,-1.0
251,364,kawal kpu jangan curang us salah input tiap menit,-1.0
252,365,viral copas bpn bangkit bawa bukti lebih salah input situng kpu it bpn desak,-1.0
253,367,dite ijtima ulama ikut komentar usul audit forensik kpuid selalu ditolak,-1.0
254,369,begoknya fadlizon lihat jangan nyinyir doang bukti server kpu berantak,-1.0
255,370,ungkap backend frontend sistem it bang rizal ramli nyata dasarnya rakyat ima,-1.0
256,371,kpu salah input,-1.0
257,372,kpu pangkalpinang selesai rekapitulasi tujuh camat,1.0
258,374,hampir semua lihat curang bawaslu curang ketidak netralnya ribu kpps,-1.0
259,375,banyak lapor janggal input data kpuid penuh rekayasa,-1.0
260,376,dok survey ahli it itb lapor duga curang lembaga survei situng kpuri bawasluri,-1.0
261,377,kpuid cara suka tweet sebut lihat kali bagaimana moralnya kpu dasar sampah,-1.0
262,378,dukung habis kpu kerja maksimal pihak,1.0
263,379,kpu bayar taipan partisipan pikir utnya sendiri punya rasa cinta bangsa,1.0
264,381,suara jokowi kpu hitung salah manusia tib manusia,-1.0
265,383,jumlah korban us tambah jadi tanda tanya besar sebuah tragedi massal us jatuh faktor,-1.0
266,384,tv sampe hitung masuk hitung situng kpu posisi ubah aneh,1.0
267,386,kpuid bingung liat sikap kpu,-1.0
268,387,prabowo kalah turut quick count turut real count situng kpuid menang turut bacotnya,1.0
269,388,iya rakyat legowo politik benar rakyat cara langsung,1.0
270,389,namanya ruang it kpu ruang karaoke mengambar ruang elite dibayar mahal rakyat kerja kpu,-1.0
271,390,dahsyat tim it prabowo lapor salah input bawaslu bukti tunjuk kpuid tindak sangat,-1.0
272,391,jadi alas kpuid bpn datangi bawaslu bawa bukti,-1.0
273,392,kpuid us temu salah input artinya,-1.0
274,394,pakai logika situng kpu tinggal jauh,-1.0
275,395,masalah situng kpu hubung server masalahnya software bu hardware,1.0
276,396,warning semua kaget lihat video ketua kpu tunjuk ruang it kpu lu informasi bu ruang it kpu,1.0
277,397,sekarang teknologi informasi it kpu canggih habis dana milyaran rupiah gagal penuh,1.0
278,398,kalau jumlahnya bu salah input namanya salah niat ketua kpuid,-1.0
279,399,kpuid dusta kalian semua jangan harap rakyat diam curang kalian laku cara brutal,-1.0
280,400,anak sekolah libur awal puasa hari libur hari raya hari total libur hari versi kpuid,-1.0
281,401,betul ikhtiar total apapun hasil kpu tunggu arah ulama,1.0
282,402,kpuid kalau jae menang kelar rekapnya cukup senyum liat laku mu,1.0
283,403,ulama masa ulama keluar mulut sampah,-1.0
284,405,hoax kontainer surat suara masuk penjara hoax server kpu setting masuk penjara hoax,-1.0
285,406,kpuid jahat,-1.0
286,408,ratus kpps gugur jangan kambing hitam lelah,-1.0
287,409,kpuid bu salah input ang sengaja kpuid otakmu isinya,-1.0
288,410,kali kali salah input data wajarlah kalau ratus kali bah ribu kali bu,-1.0
289,411,gini lho tuju tinggal gimana tanggap bawaslu pihak kait,1.0
290,412,sekjen golkar idrus marham yakin syarat kpu lengkap,1.0
291,413,berlama entry data unfaedah diduga hindar silpasitung publikasi manfaat,-1.0
292,414,kpu gelar rapat pleno rekapitulasi suara,1.0
293,415,soal server kpu dioasi sila tanya menang tender sewa drc kpu pt cyber network,1.0
294,418,banyak bacot curang tinggal lapor bawaslu,-1.0
295,419,kpu kata tutup diri koreksi pihak,-1.0
296,421,mulai hari rakyat bpn antisipasi jadi krisis politik akibat gagal kpuid intah,-1.0
297,422,prabowo sendiri quick count ang buat lemas utama mula model,-1.0
298,423,menang pilpres hasil hitung manual kpu ketua komisi pilih umum kpu arief budiman tegas,1.0
299,424,situng kpuid banyak tampil data keliru maya usah pakai istilah real count sama bodoh,-1.0
300,425,kpuid udah lapor bagai menjalan kompu buka,-1.0
301,426,fkui audiensi kpu ri ihal jumlah anggota selenggara pemilu adhoc alam sakit hingga tinggal dunia,-1.0
302,429,kpuid komisi tipu umat,1.0
303,430,viral copas bpn bangkit bawa bukti lebih salah input situng kpu it bpn desak bawasluri henti,-1.0
304,431,parpol koalisi fpi hti dukung garis keras lainnya us manuver giring opini,1.0
305,432,audit forensik kpu,-1.0
306,433,curiga kpuid bawasluri divhumaspolri tanya kalian kongkalikong pemilu tahun hancur,-1.0
307,434,gedek enek muak kpuid,-1.0
308,435,bapak jurkamnas hebat datanya darimana kpu laku proses,1.0
309,436,miris video intip server kpu dinilai kelas warungan sedih,-1.0
310,440,kpu sering hoax sering salah input klo dikoreksi rakyat adem anyem jadi hoax,-1.0
311,441,salah semangati kpu lebih penting semangat dirinya tetap sehat,1.0
312,442,kpuid jokowi kroni moga allah laknat kalian dunia akhirat allah kalian lampau batas,-1.0
313,443,bener banget kpuid duit kalian guna duit rakyat,1.0
314,444,prof tamburin moga bawaslu adil cepat tanggap selesai kisruh moga kpu segera netral,1.0
315,446,tunggu hasil putus kpu siapa menang presiden ikut lama tahun,-1.0
316,447,suara gerus bu situng kpu rekap  kabupaten suara sampang susut ppk kedungdung,-1.0
317,448,kalau tanding bola wasit punya hak beri hukum walaupun latih koar,-1.0
318,449,kalau liat cepat masivenya entry data salah it kpu angka,-1.0
319,451,curanglah kalian tuai badai,-1.0
320,453,bagaimana hitung centage salah input kpu kalau url mati,-1.0
321,454,lempar batu sembunyi tangan,-1.0
322,455,kalau menang seminggu udah rampung realcount kpuid karna menang sengaja dilamain,1.0
323,458,mohon dikoreksi tayang real count kpuid imakasih,1.0
324,459,kpuid dicurigai bagai jahat elektronik beri,-1.0
325,460,didukung golkar jokowi menang suara atas sen pemilu datang,1.0
326,462,ketua kpuid harusnya mundur,-1.0
327,463,diminta diskualifikasi capres setop real count kpu tunduk siapa,-1.0
328,464,pemungutan suara hingga . salah manusia human error,-1.0
329,465,massa bogor beri juluk kpu komplot khianat umat,-1.0
330,466,stop situng kpu,-1.0
331,467,bawa bukti bawaslu tim it bpn lapor salah input situng kpu,-1.0
332,469,ang kpu baikilah dulu usah defensif nalar publik jadi bego bu soal,-1.0
333,470,banding dana kualitas kerjanya jauh panggang balik kpps,-1.0
334,471,kpu hasil pemilu ditentu it semua beri situng kpu us laku input data,1.0
335,473,jadi kesalah input situng kpu jadi desa pe tps pilpres,-1.0
336,474,kpu tunduk rizieq lewat,-1.0
337,475,kemaren salah tanggal sekarang salah sebut nomor disengaja cari,-1.0
338,477,kpuid tug tipu rakyat ditipu tinggal tunggu waktu,-1.0
339,480,tunjuk jelang ramadhan menang bangsa indonesia insya allah hitung suara insya allah aman,1.0
340,481,warning anak kecil anggap server sewa kpu sangat mudah obos coba tanya anak paud,1.0
341,482,syaiton kpu makar,-1.0
342,483,innalilahi wa jangan sia juang curang yah,-1.0
343,484,kpuid suara naik duluan lu revisi naik belag lu revisi duh kacau,1.0
344,485,harusnya seru pilpres jangan curang kpu jujur bahaya imialisme cina lewat obor jerat utangnya,-1.0
345,486,salah input suara disengaja anggota kpu ancam penjara,-1.0
346,487,kondisi abu angkat isu diviral kubu takut salah angkat isu independensi kpu,-1.0
347,488,moga bawaslu adil cepat tanggap selesai kisruh moga kpu segera netral,1.0
348,492,kpu bu manusia,-1.0
349,494,pesta demokrasi tahun alias pemilu hancur anas aktor utamanya,-1.0
350,495,dpt kabupaten buleleng undang disalur berati salur sedang,1.0
351,496,ngaco kpuid,-1.0
352,497,kalau daerah menang caya kpu kalau daerah kalah caya,1.0
353,498,aksi balik presentase dilaku situng kpu sungguh luar biasa hilang suara juta,-1.0
354,500,kpuid bu goblok bloon,-1.0
355,501,manipulasi form c kota banyuwangi kecmatan kalifuro kpuid gimana,-1.0
356,502,salah entri alas kpu server kpu buat pajang doang input data,-1.0
357,503,jahat oknum kpu jadi tps gerung utara upload c palsu menang paslon,-1.0
358,504,wahai kpuid henti sandiwara kalian jangan tonton rakyat negeri salah input situng,-1.0
359,507,konsolidasi simpul mungkin siapa manusia dibalik kpuid manusia jenius layak,-1.0
360,508,tim relawan prabowo tangan bidang informasi teknologi datang gedung bawaslu datang,1.0
361,509,salah entri data situng kpu bulah curang human error,-1.0
362,513,kpuid dukung support nah surut maju us pantang mundur,1.0
363,514,kpuid tgpf tolak audit tolak maling,-1.0
364,515,us tugas input kpu kerjanya ngapain ngoreksi salah doang ajaib pisan,-1.0
365,516,situng kpu jokowimaruf unggul kitar juta suara,1.0
366,518,mohon kpuid minta team inputnya bantu tambahin presiden gusdur tadi minta sahabat baik,1.0
367,519,golkar serah tujuh kotak isi syarat daftar kpu,1.0
368,520,utnya arief budiman lihat gendut banget samping t aman,1.0
369,521,salah imput mulu rugi,-1.0
370,522,situng kpu disusupi c palsu suara jokowi medan naik protes muncul tuding kpu palsu form c diinput situng,-1.0
371,526,mahasiswa gerak kawan mahasiswa lampung gruduk kpu lampung moga tular daerah jangan diam,-1.0
372,528,mantul usah dengar berisik ang pikir siapa lanjut hitung,1.0
373,529,sistem it kpu dirancang ikut qc suara menang prabowo masuk otomatis tps suara,1.0
374,530,suka kalian,1.0
375,532,kata kpu tunduk te manapun tanya sama duit jabat tunduk,-1.0
376,533,dibaiki klo viral lol,-1.0
377,535,bu elit politiknya om gelandang politik bani onta blingaatan jadi,-1.0
378,537,menang telak jawa barat jawa timur dki banten aceh padang ntb,1.0
379,538,bawasluri dkppri kpuid inilah salah contoh curang pemilu paling brutal modus tps tambah,-1.0
380,539,heran klaim menang deklarasi menang sujud syukur iak kpu curang,1.0
381,540,heran aplikasinya validasi jumlah suara sah jumlah,1.0
382,542,luar biasa tim it bpn temu salah input data situng kpuid bukti diserah bawasluri kesal,-1.0
383,543,jaga barang buktinya masalahnya jujur bawasluri,1.0
384,544,kpuid sikap mu us buat salah untung arti kamu tunduk sama,-1.0
385,545,menang mana tiap provinsi menang segera deklarasi,1.0
386,547,kpuid kalau gila susah ajar,-1.0
387,548,update hasil hitung pemilu presiden ri tingkat,1.0
388,549,tuju maju us moga allah senantiasa lindung mudah urus bapak kpu,1.0
389,550,iya salfok sama ut haha,1.0
390,551,seru frustasi kalah,1.0
391,552,nyawa layang ujung curang kek gini iak pancasila,-1.0
392,553,salah input situng kpu tanggal mei bu salah,-1.0
393,557,tular damai ano nusantara dukung kerja kpu bawaslu ulama habaib tokoh,1.0
394,558,bpn lapor situng kpu bawaslu bpn aju tuntut situng kpu dihenti ang lalu banyak salah,-1.0
395,559,manfaatnya dilakukn pihak jawab mungkin pihak,1.0
396,560,kpu curang abis,-1.0
397,562,kpuid bajing politik,-1.0
398,566,kpuid o gitu disebar tps c fotocopy data suaranya asli sedang c aspal,1.0
399,567,mirip kpu sama suka merubah sejarah salah input salah ngomong mudah segera sadar,1.0
400,568,kpuid server secanggih apapun ngaruh hasil hitung manual jenjang,1.0
401,570,kpuid moga benar segera ungkap aamiin allah,1.0
402,572,fadlizon tuju banget bapak kpu liat kalau curang kalau akhir bapak kalah ima,1.0
403,573,bawaslu tindaklanjuti lapor bpn prabowosandi soal situng kpu,-1.0
404,575,sangat tuju kpu jangan invensi ulama gadungan bajing,-1.0
405,576,gemblung ulama jangan diikuti jelas curang cara vulgar ditonton disaji kpu malah minta dicaya,-1.0
406,577,tai human error kpuid human error buat menangin mukidi human error buat ngancurin bangsa,-1.0
407,578,bagai wakil ketua dpr hari gini baru datang situng kpu,1.0
408,582,coba cek latar belag komisioner kpuid jangan kpu disusupi pki rakyat curiga,-1.0
409,583,paling bisanya alas macam jurus ngeles kpu real count unggul input data,-1.0
410,584,akhir tipi arab diwakili aljazera berita bentuk curang jadi pilpres gimana,-1.0
411,586,audit forensik kpu,-1.0
412,587,trus laku salah input situng kpu susah dilacak tolonglah cepat atasi ingat suara rakyat,-1.0
413,588,kpuid rakyat dibuat repot akibat ketidak profesionalan kpuid,-1.0
414,591,kpuid diatur atu patuh uu pret,1.0
415,592,it kpu media penampil bu penghitung beri kalah buat framing qc settingan angka sistem dikunci,-1.0
416,593,baik sabar tunggu umum kpu mei henti klaim kemengan siapapun pilih presiden,1.0
417,594,milik akal sehat kata praktek curang dibalik salah input situng kpu penuh,-1.0
418,596,wahai kpuri sadarkah engkau banyak tugas tinggal moga bu laknat allah buat,-1.0
419,597,lapor kpuri cek malam situs situng kpu,-1.0
420,598,makin aneh kpu,-1.0
421,599,maya ngebet kepengen ketemu prabowo,-1.0
422,604,kpuid malu manusia hehe,-1.0
423,606,kpuid bertaubat kalau kau bu agama minimal malu,-1.0
424,607,mungkin media kpu bawaslu satu anggota badan,-1.0
425,608,kpu takut lapar,-1.0
426,609,pola sama situng web kpu disusupi c palsu suara jokowi lonjak naik medan,-1.0
427,610,kpuid sumpah ratus juta sen caya kpu yakin qc menang paslon,1.0
428,611,maaf usul,1.0
429,612,luar biasa hadiah milyar rupiah disedia siapa bukti minimal sen curang dilaku,-1.0
430,613,samina wa atona mbah tunjuk jelang,1.0
431,615,lelah mas sama qc ima tawar konsep,-1.0
432,616,bener lihat lacur politik kpu lawan akal sehat dukung curang nauzubillah dzalik,1.0
433,618,kalau salahnya us us ulang pola sama namanya curang kpuid hari gini,-1.0
434,620,ko beda yah sama lapor kpu kemarin baik moga,1.0
435,621,kpu kitar salah input data dianggap bu tindak curang padahal tim bpn klaim hasil,-1.0
436,622,kpuid ngeles,-1.0
437,623,mulai buka suka nuduh gilir diminta data mu jelas bilang menang,1.0
438,624,stop situng ngaco kpu,-1.0
439,626,prabowo mas sandiuno tetap semangat safari beri semangat ucap ima kasih dukung,1.0
440,627,bpn bawa temu salah input brutal situng kpu tinggi jateng,-1.0
441,630,kpuid tahu berberapa pihak masuk liki c suai c kpps jawab prtanyaan sebut,1.0
442,631,kpuid salah input sengaja sama curang klo ngomong sengaja salah,-1.0
443,632,ngomong curang dimulut siapa bukti curang bawa c dipegang masing paslon,-1.0
444,633,ketemu kpu akhir papar tabiat kpu salah input,-1.0
445,634,lho kamu kira allah punyamu sendiri makhluk cipta siapa astaghfirullah,-1.0
446,635,input form c dilaku situng kpu beda hasilnya fakta suara tps input,-1.0
447,636,ecek banget kerjanya,1.0
448,637,kpuid salah input bancak punya hati nurani laku amanah moga azab didunia segera aamiin,1.0
449,639,tuju kpu jelas,1.0
450,640,sangat kejut hari temu salah entry data jumlah oleh audit,1.0
451,641,diminta diskualifikasi capres setop real count kpu tunduk siapa,-1.0
452,644,msapunya fadlizon kpuid bawasluri curang umum langsung menang,1.0
453,645,bosan temanya malam us bunya sedang ramai c palsu situng kpu,-1.0
454,648,kpuid klo berani jurdil hebat,1.0
455,649,maaf caya pilih jadi anggota dpr,1.0
456,651,kpu smakin tolol miris,-1.0
457,653,kpuid goblok presiden siapa asal,-1.0
458,654,kpuid dulu pusing sendiri utak atik angka makar allah lebih hebat,-1.0
459,655,konsistensi diamati mudah justifikasi suatu data kpuid adil level,1.0
460,656,kpu tug angon keong racun,-1.0
461,657,situng kpu mungkin salah input benar,-1.0
462,658,mata kpuid picek,-1.0
463,659,bentur praktek curang sendiri bapak putus,-1.0
464,660,kpuid berani jujur,1.0
465,661,bawa bukti bawaslu tim it bpn lapor salah input situng kpu,-1.0
466,662,baru medan sumut jateng jatim bali lebih gila jateng,1.0
467,664,tanya hukumnya suka hendak allah suatu takdir,1.0
468,666,kpu nyata prabowo menang bengkulu caya kpu nyata jokowi menang pilpres caya kpu,1.0
469,667,siang kpuid update curang jam lampung kota metro barat l tps situng kpu,-1.0
470,668,khusus didaerah dimenang paslon misalnya aceh sumbar relative curang imakasih kpu,-1.0
471,669,sore kpuid tgl jam lapor jadi ubah suara jaktim cakung cakung timur tps situng kpu,-1.0
472,670,guru besar ui prof rusli nyata komisi pilih umum kpu layak jadi hasil pemilu,1.0
473,671,kpuid jujur jadi ibadah kecuranganmu jadi azabmu,1.0
474,672,kpuid becus kerja tutup situng bodoh,-1.0
475,673,salah input dilapor bpn semua rugi suara dibali salah input naik suara,-1.0
476,674,tuju dihenti laku baik system manajemen hitung kpu maya audit dulu,1.0
477,679,kpuid curang massiv struktur brutal,-1.0
478,680,bu curang jahat pidana kpu disusupi berapapun raih suara,-1.0
479,681,anget cek tkp langsung c ditukar sinetron kpu,1.0
480,682,revisi jawa barat kota sukabumi lembursitu situmekar tps hasil pindai dihapus situng kpu,1.0
481,683,kpuid suruh bentuk tpf berani padahal curang masif mana aman,-1.0
482,684,kpuid cuman kalian kerja banyak salahnya dodol,1.0
483,687,jk mahfud jadi tim prabowo tahun mungkinan serah kala,1.0
484,688,kpuid emang parah in baki kurang kerjaan dibasmi ganti presiden,-1.0
485,689,ijtima ulama nilai jokowi curang kpu lapor bawaslu,-1.0
486,690,habib rizieq minta situng dihenti kpu tolak dite,-1.0
487,691,ang awal jujur dilihat tebar hoax hoax nenek digebuki,-1.0
488,692,tugas kpps tinggal sakit,-1.0
489,693,kpuid kpuri bawasluri paksa rakyat kawal suaranya sendiri wasit dicaya,-1.0
490,694,kpu ri i santun keluarga kpps wafat,-1.0
491,695,kacau situng kpu disusupi c palsu suara jokowi medan tambah,-1.0
492,696,himbauan seluruh dukung tiap daerah resmi sidang pleno suara fokuslah,1.0
493,697,hasil pleno kpu pamekasan prabowosandi menang seluruh camat,1.0
494,698,kalian lihat data kpu gelembung suara daerah kalian segeralah ambil buktinya usut curang,-1.0
495,699,kpuid kpu sampah kardus,-1.0
496,703,hnurwahid evialfa kpuid kslahan input data revisidi baiki suai c,-1.0
497,704,kpuid tunduk diem bantu curang go hell motherfucker moga jawab hisab puas allah,-1.0
498,706,salah alas curang kesalan muncul ulang kali situng kpu salah input data,-1.0
499,708,prof tular visa kpu,-1.0
500,710,yaelah pake simpel udah keliatan jauh bedanya qc situng kpu keliatan,-1.0
501,711,oke harga dukung mbaknya pakai akal sehat,1.0
502,712,visa kpu nular bela korting us,1.0
503,714,akun resmi kpuid online tweet akun buzzer hina kubu hina habib rizieq bu masalah,-1.0
504,715,kpuid lagak lu tunduk sama siapap isi kepala curang melulu,-1.0
505,716,kpu bawaslu bingung us jadi pemilu,-1.0
506,718,post kali klo pemilu jangan daftar kpu daftar spbu minyak muka kau tu,-1.0
507,720,coba tanya sby x rasa hasil kinerja kpu kpu jadi alat selenggara,1.0
508,721,pantau langsung proses situng sistem informasi hitung suara kpuid proses situng sering alam banyak salah,1.0
509,722,yth kpuid mohon dicek input suara tps ds larang utara larang kota tangerang banten form c,-1.0
510,723,kpuid akibat hoaxnya surat suara kontainer c dimanipulasi surat suara,-1.0
511,724,bu ahli it temen lulus luar negri bidang it satu kalimat komentar,1.0
512,726,situng bentuk opini hasil real count sama quick count bahaya,-1.0
513,727,kpu tetap menang people power atasi air mata mungkin takdir akhir zaman,1.0
514,728,bawaslu lemari kpu bu server bawaslu suka bilang heker masup sistem,1.0
515,729,hasil pemilu ditentu tanya real count kpu lalu website kpu giring opini,-1.0
516,730,kpuid kalau gaji hitung kpu juta,1.0
517,732,turut pakar it universitas airlangga soegianto soelistiono situng kpu lu dihenti,1.0
518,733,pilih kpu maksudnya punya hak pilih pimpin rakyat bu kpu,1.0
519,734,kpu tipu bohong jilat uang rakyat,-1.0
520,735,muda beri rasa ima kasih masak tua malah jadi provokator kecam people power aliansi,1.0
521,736,hargai kerja waras kpu selalu benar mata menang kalah,1.0
522,737,tabok sampe lebam mana buktinya visum surat dok bap konpres bukti rezim,-1.0
523,739,kalau salah input kpu dikoreksi ditemu salah input tutup ungkap mungkin,-1.0
524,740,efek lalu bela kpu jadi salah input,-1.0
525,741,kpu tegas situng bantu jadi alat kontrol bu hasil resmi ditetap kpuid jadi ndak usah,1.0
526,743,pengen lihat hebatnya situng kpu kata wakil ketua dpr zon,-1.0
527,745,rekapitulasi kpu makassar jokowimaruf kalah sangkarrang,1.0
528,746,bpn prabowosandi lapor kpu lembaga survei bawaslu direktur hukum advokasi,-1.0
529,748,moga jadi awal baik bongkar siluman system it kpu,-1.0
530,750,awasi us situng kpu jangan rampok keliar,-1.0
531,751,kpuid siapa pilih baik buat negara hendak allah maya,1.0
532,752,iya bongkar it bu gedung kpu daerah jauh,-1.0
533,753,qc meleset paling selisih kalau ilmu meyakinin masalah,1.0
534,754,hasil hitung suara pilpres diunggah kpu ri lalu sistem informasi hitung,1.0
535,756,ketua kpu tinggal tiba tiba duga diracun kpps ratus lebih tinggal sungguh aneh prihatin,-1.0
536,757,innalillahi nambah dosa kpuid,-1.0
537,758,kpuid bawasluri nyata salah input bu salah curang,-1.0
538,759,jumlah tps salah input data kpu data koreksi salah input beberapa signifi paslon mas,-1.0
539,760,kpuid betul presiden receh,1.0
540,762,kpuid tai bajing main suara rakyat triliun habis buat pemilu kalian,-1.0
541,763,kpuid kpu rasa cebong,1.0
542,764,bpn prabowo lapor situng kpu bawaslu,-1.0
543,765,kpuid lalu gebukin massa mikir maling suara rakyat,-1.0
544,769,kpuid sakit bangsa jujur musnah,-1.0
545,770,kpuid cara pakar it unair soegiono soelistiono temu salah lebih canggih sayang fb,1.0
546,771,sejak data masuk suara hingga sekarang data masuk angka suara vs ubah selalu,1.0
547,774,kecil selisih selisih sampe kondisi kpu carut marut begini,-1.0
548,775,kpuid bu salah input udah kriminal palsu dokumen negara lembaga kalau udah,-1.0
549,776,kpuid bawasluri cik api kecil kalau banyak jadi besar,1.0
550,777,serah ima dokumen hasil rekapitulasi suara pemilu kota lubuklinggau sekertariat kpu sumsel jumat,1.0
551,778,kpuid c dipindai suai hasil kpps sama kpu ri dirubah jadi c palsu,-1.0
552,779,teganya hadap juang tps kpu bawaslu dasar malu,-1.0
553,780,kpuid betul banget,1.0
554,781,rakyat rindu siden tegas amanah,1.0
555,782,tangkap dong ketua kpuid paling bertanggung jawab bawasluri ulah wae,-1.0
556,783,janggal formulir c sistem informasi hitung suara situng kpu jadi tps celawan pantai cermin serdan,1.0
557,784,lepas pemilu kalian kpuid paling dicari,-1.0
558,785,kali kalau pemilu males ajak kalian kpuid seh bu salah input scanernya bermasalah sama otaknya,-1.0
559,786,saran kpuid bawasluri buatlah hitung suara berbasis c buka propinsi proses pe,1.0
560,788,augustaiman aguscipto suburbur guecebongs turut ima kalah nuduh kpu mainka,1.0
561,791,kpu tunduk undang undang,1.0
562,792,kpuid bohbrok politik indonesia ckckck,-1.0
563,794,powerofreceh bawasluri kpuid brutal,-1.0
564,796,kpuid bawasluri mei bayang mei salah situng segala curang,-1.0
565,797,antaranews iyalah introsfeksi dong krn alas masuk akal ang curang hrs dibukti sika,1.0
566,800,detikcom sangat harga jasa tugas tps kpu bawaslu,1.0
567,802,yokoersa lyamadinaadilla hahaa kpulah kwalitas kpu salah input melulu anehnya salah in,-1.0
568,803,rekapitulasi kpu banjarbaru jokowimaruf tinggal suara,-1.0
569,804,detikcom banyaknya tugas tinggal salah satu sistem sdh dirubah se,-1.0
570,805,cebong kotor temlen mending ditulis bener skrg sy tanya input situng kpu s,-1.0
571,806,jonathan matanajwa ea betul dukung selalu iak curangsea udh gk prcya kpuamp baeaslu hadeh main hakim sendri hihihihi,1.0
572,807,amin minta audit forensik kpu jawab hasil pemilu ditentu it klo gitu ngapain pake real count kpu s,-1.0
573,808,mainmain bawa bukti salah hitung kpu tim it bpn datangi bawaslu,-1.0
574,809,bpn lapor ribu salah data situng kpu,-1.0
575,810,cek pukul c suara situng kpu jadi ganti untung,-1.0
576,811,besok sy beber data salah satu tim bpnrelawanpendukung prabowo katanya temu salah situng kpuid amp simpu,-1.0
577,812,alanborut kpuid menang telak jawa barat jawa timur dki banten aceh padang,1.0
578,813,entah maksud tofa kawannya lempar tuduh pemilu curang dasar temu keliru input situng padahal,-1.0
579,814,bertemanm rasm hati banyak alih isufokus kinerja kpu lengah dikit tewas,-1.0
580,815,gunromli kpuid mmprosesnya suai hukum sop kpuea proses benalu,-1.0
581,817,antaranews kpu kalian gila buta budeg yayang edar fakta bu opini,-1.0
582,821,hnurwahid semua akun soegianto dibaned siapa laku jlas panik tp banyak lg pakar it y,1.0
583,822,kpu kira koreksi banding hasilnya dgn punya tni malah pura gk beri,-1.0
584,823,sdh spt kpuid salah input turut c sby presiden ri diinput pud,-1.0
585,824,guru besar ui kpu layak jadi hasil pemilu,1.0
586,826,kpuid masabudiman masws viryanazis hsymasyari novidaevi pramonoutan ksetyawan yakin,1.0
587,827,prof sby bunya presiden akibat deket deket kpu,-1.0
588,828,masabudiman ingat berita media kompas desember kata salah sedikit pemilu disebut g,-1.0
589,830,yokoersa lyamadinaadilla ngapain nunggu mk segala lebih baik sdh tahu skrng kpu seger,1.0
590,832,upaya hilang saksi c ditingkat tps cara masif akibat mubahala gus nur doa hrs pd pet,-1.0
591,834,sy usul hitung real count kpuid harusnya mulai satu satu daerah provinsidn live siar sel,1.0
592,837,lapor salah input situng kpu relawan it bpn desak bawaslu henti situng kpu temu sen salah,-1.0
593,839,hargai kerja waras eh kerja keras kpu selalu sama dg fakta lapang,1.0
594,841,fadlizon kpuid pksejaha ijin tanya ndan pagi angka ditampilan web kpu klop dihitung manu,1.0
595,843,situng kpu dinilai tambah kacau brutal,-1.0
596,844,bpn serah dokumen duga curang sistem hitung it kpu situng bawaslu kini bpn balik menan,-1.0
597,845,kpuid bagus banyak cakap,1.0
598,846,kpu blh netap jokowi menang pemilujokowi jd presiden serah tp salah rakyat marah,-1.0
599,849,benar nasihat gaul dgn tug minyak wangi wangi gaul kpu yah kyk g,1.0
600,850,onnowpurbo kpuid aamiin yra moga kpuid jujur berani tunjuk benar,1.0
601,851,putrabanten janenur akibat hoaxnya surat suara kontainerada c dimanipulasisurat suara o,-1.0
602,852,rickydp adets mubarokadonis salah hitung gw peduli sampah komen bila,-1.0
603,853,kpuid kpuid emang undanganundang siapa jangan jadi otak otak udang dong anggota kpuid,-1.0
604,855,beda sama c asli bisanya kpuid menginput c salah gimana awas cc,1.0
605,856,dihadiri mbah moen said aqil ulama ajak umat islam serah hasil pemilu kpu,1.0
606,857,zesukma vtannnd cabulrizik kpuid rieziq ituapa sumbangsih rieziq hadap utuh nkri,-1.0
607,860,atur kpu kait tetap presiden pilih digugat ma,1.0
608,862,salah input suara disengaja anggota kpu ancam penjara,-1.0
609,863,lisaamartatara kpuid moga jadi titik baik utk nasehat nasihat jujur kunci,1.0
610,866,seneng ket kpu c arif budimanyg tiada arifnya dlm hidupnyaakhlak suai na,-1.0
611,867,masbrewk sriyunitazizah kpuid lawan zalim,1.0
612,870,powerofreceh bangpino akibat hoaxnya surat suara kontainerada c dimanipulasisurat suara ot,-1.0
613,871,romi kasih selamat kpu warta ekonomi,1.0
614,872,tsamaradki kpuid akun kw lebih orisinil ori,1.0
615,875,helmifelis zarazettirazr kpuid iya padahal ramadhan justru setan dibelenggu jadi manusia ma,-1.0
616,877,republikaonline system error human error manajemen error kpu error dibukti maya audit jangan ditolak,-1.0
617,878,kompasiana penting awasi kpu soal pindah ibukota diurus,1.0
618,879,prof ente uda kena visa input data kpu korupsi angka presiden ente tulis uda koplak,-1.0
619,881,fadlizon post rasa anggota koalisi tetap tunggu hasil kpu ambisi banget jatuh kpu,1.0
620,882,geser kotak suara kawal polsek medan baru kpu kota medan,1.0
621,884,imayadewi spiondungu kpuid uang dibalik pilih ket kpu,1.0
622,885,kpuid bawasluri fahrihamzah curang kpu dosa nuduh curang dosa dong,-1.0
623,886,kpuid us juang bapak tdk usah hirau stres berat,-1.0
624,888,ireneviena kpuid menang telak jawa barat jawa timur dki banten aceh padang,1.0
625,889,hnurwahid maspolo kpuid berapa ribu lembar c palsu hnurwahid buatlah rakyat cerdas data n angka jang,-1.0
626,890,diiksa kpk ucap selamat untukkpu,1.0
627,892,sukabumi jawa barat alhamdulillah lebih utk hasil pleno kpu atas rekapitulasi pilpres tingkat,1.0
628,894,thewarman jokowi prabowo negara namanya hukum laku benar jadi curang milik,1.0
629,895,anak kelas bobol situs kpu pemilu hoax hatihati jadi sebut tahun we,-1.0
630,897,oppositelinks kpuid bawasluri monggo bukti,-1.0
631,901,fadlizon bang fadlizon fahrihamzah tim bpn awas ttg situng kpu mohon dikuat pasuk sak,1.0
632,903,moga kawan sejuangan baik baik hasil bongkar masalah bocor server kpu hi,1.0
633,905,ulama kota madiun apresiasi kpu pemilu damai detiknews,1.0
634,909,kpuid bingung bagaimana caranya tahan curang,-1.0
635,911,tolak narasi curang,-1.0
636,914,abotan bekas warnet skrg disimpan tor kpu dgn bangga tunjuk abotan rasa malu dgn uang,1.0
637,915,mikir mlambat gimana mubahalah diganti sama maafan curang so,-1.0
638,916,dahsyat tim it prabowo lapor salah input bawaslu buktibukti tunjuk kpuid tindak sang,-1.0
639,917,pemilu paling buruk panjang sejarah bu titieksoeharto tegas pemilu l,-1.0
640,920,dhanihendy kpuid bawasluri kawalpemilu onnowpurbo sandiuno prabowo goblok,-1.0
641,921,kpuid tarik undang undang mana moga bu undang uang uang undang undang uang uang u,1.0
642,925,salah sistem situng kpu lu tindak pidana la,-1.0
643,926,zarafaul nsusan libra kpuid wr fagtng bangzul sarpakenaka pantunjp ariantobulolo dasar,-1.0
644,927,gelar ikrar sama syukur warga jakut ajak semua hormatikpu,1.0
645,929,bocahndablex soepono hnurwahid kpuid klo dikasi foto dibilang ibadah pamerin bener suci,1.0
646,931,situng kpu disusupi c palsu suara jokowi medan naik tambah karaknya palsu zalim arogan korup ingkar,-1.0
647,933,vivacoid ancene ancik gatel gae kisroh wong jatim ae menang kalah opo jare kpu usah cocotmu ngablak ae,1.0
648,934,widhisetyok tsamaradki kpuid akun asli tsamaradki bu tsamaradki,1.0
649,935,hamdanijuni ustadtengkuzul ngebet boneka pengen menang kpu ngeluarin putus,-1.0
650,937,tular sakit genetik kpuid nehpenyakit salah inputcebongers forever,-1.0
651,938,tsamaradki kpuid awal hancur kpu,-1.0
652,940,anizhomt orangberiman kpuid uda kena visa input data kpu korup angka,-1.0
653,942,kpuid tunduk sama sogok bukti kerja benar curang tinggal pilih azab kalian,-1.0
654,946,katanya menang minta c kpu,1.0
655,947,mehmedii ratuanissah roosb kpuid benar mas kepikiran gmn ceritanya c palsu lolos masuk situng kpu,1.0
656,949,asdwin ronnierusli zarazettirazr dahnilanzar lisaamartatara mana nich bela narkosun yusufdumdum,1.0
657,950,mudahan ahli dulu prakarsa juang pemilu rentak sadar betapa berat sistim pemilu,1.0
658,951,zulkifllubis priyobudis kpuid bener jg,1.0
659,954,akuntofa kpuid sedikit bocor,-1.0
660,960,ustadtengkuzul kabar angin dipegang klo jelas tunggu tanggal mei dibukti paslon dg,1.0
661,964,kpuid caya lgi smaa kpubyak omongmulai kardus anti airkuat katay dluhadehskrg dblg hum,-1.0
662,966,lihat hasil real count kpuid sangat amburadul cenderung netral coba poling siapa presiden real,1.0
663,967,orangberiman kpuid nanya jadi salah input sama curang hubung us bukti,-1.0
664,968,bocahndablex soepono hnurwahid kpuid ejek buat gubernur tug pototng pita msh sadar sindir,-1.0
665,969,duh gmna bpk ikutn kpu human error sby presiden,-1.0
666,971,ruang situng kpu jorok cermin amburadul hasilnya jauh dibanding kerapihan warnet,-1.0
667,972,fadlizon bang fadlizon fahrihamzah tim bpn awas ttg situng kpu mohon dikuat pa,1.0
668,973,prabu menang telak jawa barat jawa timur dki banten aceh padang ntb,1.0
669,975,selamat pagi jokowi kpuid prabowo sandiuno,1.0
670,977,harusnya seru pilpres jangan curang kpu jujur bahaya imialisme cina lewat obor jerat ut,-1.0
671,978,kpuid masabudiman viryanazis masws novidaevi hsymasyari pramonoutan ksetyawan kerja bener ja,1.0
672,980,baguswisnuputra sabdapanditai relawanprosandi bawasluri kpuid curiga hoax muya tampak,-1.0
673,981,like chili you should probably hit this langley event saturday andor sunday,1.0
674,982,muna sulawesi tenggara hasil pleno kpu kabupaten muna sultra suara sah,1.0
675,984,kpu depok salah input suara jokowi ditulis viva,-1.0
676,985,akuntofa innalillahiwainnahillahirojiun pemilu buruk pasca diri nkri ketua kpu,-1.0
677,986,vivacoid tuduh hadap kpu sangat kacau brutal judul preeet,-1.0
678,987,annasuezann syifaznisa gw malah mikirnya yah buat juang mati lahan dgn bentur ses,-1.0
679,988,abiyyu cakkhum kpuid bangpino putrabanten maulanatigor mbahuyok tanda takut tahu salah,-1.0
680,990,imayadewi kpuid salah mungkin komplot,-1.0
681,992,bocahndablex soepono hnurwahid kpuid baliho provokasi kampretotak kebalik,-1.0
682,993,alhamdulillah bukti curang pemilu presiden dilapor bawaslu mas mustofa na,-1.0
683,995,tspartan herrymety akuntofa bawasluri partaisocmed dkppri dkppri kpuid jimlyas jangan ba mas,-1.0
684,996,imayadewi kpuid jangan lupa anggota dpr didlmnya milik suara mayoritas dikubu siapa sama ha,-1.0
685,998,kapan kpuri us bodohi rakyat,-1.0
686,999,bocahndablex soepono hnurwahid kpuid tanya duluan data mana klaim menang emang jago ngaran,1.0
687,1001,prof romli maklumat rizieq shihab duduki kpu tindak pidana,-1.0
688,1002,sapulidi riazahro kpuid tuju,1.0
689,1003,hasbunallah wanimal wakil nimal maula wanimanasir lahawla wala quata illa billa ingat wahai pimpin amp kpuid bah,1.0
690,1004,doncorleone kpuid banyak suara dicoblos setan siapa mesti selesai,1.0
691,1005,hnurwahid padahal bunya foto c jg kpuid byk org bilang ratus korban panitia tinggal adlh,-1.0
692,1008,tetap transparan kpu tolak hentisitung,-1.0
693,1009,jahat curang pemilu mana hitung tetap lanjut kpu pusat jahat angin la,-1.0
694,1010,tanyoana kena visa kpu hilang angka,-1.0
695,1012,tunjuk jelang ramadhan menang bangsa indonesia insyaallah pe,1.0
696,1013,info digedung kpu ibarat ima semua database situng dikirim daerah depan,1.0
697,1014,tugas kpu prof salah input us gile loe ndro,-1.0
698,1018,ferrykoto prabowo kpuid curang jadi dirugi salah satu paslon kalau semua paslon j,-1.0
699,1019,tindaklanjuti lapor bpn bawaslu sidang salah input data kpu,-1.0
700,1021,revolusi jargon reformasi nurunin korban tinggal berapa pemilu t selenggara kpuid korba,-1.0
701,1023,kpu independen pihak siapapun jokowi jokowi,1.0
702,1024,joked susan janji jun langsung kampanye malah nulis politik identitas bu bantu bon,1.0
703,1026,detikcom lu akuntofa tofalemontofa ngributin situng kerjaan cerdas krn banyak apapun curang,1.0
704,1027,kpu curangsurat suara coblossiapa yng untung,1.0
705,1028,kpuid muak dg basa basi kaliankpuid,-1.0
706,1033,bawaslu bali temu lebih ribu surat panggil pilih c buleleng bali dikirim kpu buleleng bali,1.0
707,1035,mardani pks anggap situng kpu sunah wajibnya rekapitulasi manual,1.0
708,1036,duga syahganda situng kpu sengaja dibuat rentan manipulasi,-1.0
709,1037,reno bawasluri kpuid msaiddidu mantap moga informasi benar,1.0
710,1039,doncorleone kpuid edan bu malu malu soal etika hukum lolos dipengadil,-1.0
711,1042,akuntofa kpu maling,-1.0
712,1043,massyihaab jamrsn ustadtengkuzul masuk akal gamenang telak kalah tipis provinsi lainnyasdh je,1.0
713,1044,data udh masuk spt dipasti jokowi abah khmarufamin jadi presiden amp wapres utk thn menda,1.0
714,1045,saifulghani maap g tadi twit dibajak hacker kpu,-1.0
715,1047,lu ketemu jokowi situasi sedang masa kambang temu jokowi apapun isi temu te,1.0
716,1048,minta bukti emang kpu lihat curang didepan mata bawa semua bukti ra,-1.0
717,1049,rohmatsyukur evalezfr bawasluri kpuid msaiddidu akun beliau lenyap dilenyap,-1.0
718,1051,abdulrachim kpuid kpu gk netral kaya wasit sepak bola ngebolin tanyaanya kalau turut kalian,1.0
719,1052,team ite kpu lupa edit dn merubah data suara sistim hitung cepat tgl april pukulwib,1.0
720,1053,kpuid masabudiman masws viryanazis hsymasyari novidaevi pramonoutan ksetyawan gentle dong salah da,-1.0
721,1055,saksi ikut semua tahap rekapitulasi proses langsung jurdil tolak tanda tangan hasilnya kar,1.0
722,1056,msaiddidu bapak tanya kpu tdk dicaya rakyat minta bubar dpr,-1.0
723,1057,katanya kpuid dite nyatanya entri data dibuat salah ditambah amp dikurangi jadi dite unt,-1.0
724,1058,tiap warga negara hak atas bebas berpendapat prabowo lu me,1.0
725,1060,detikcom situng kpu stop ganti real count bpn live warnet warnet,-1.0
726,1061,cnnindonesia kpu bawaslupunya niat baik bangsa negara nkri inimubahalah disambutdimana hatimu,1.0
727,1063,divhumaspolri kpuid bawasluri polisi jaman now warasyg buat jahat dilindungi sebar d,-1.0
728,1064,zarafaul nsusan libra kpuid wr fagtng bangzul sarpakenaka pantunjp ariantobulolo takut,-1.0
729,1065,kpu gelar rapat pleno rekapitulasi suara pemilu tingkat kabupaten bengkalis,1.0
730,1066,liemid tangkap ka kpu,-1.0
731,1067,kingpurwa sungai penuh kerinci jambi,1.0
732,1069,hari lapor salah input tps karangasem kokbelum dikoreksi kpu,-1.0
733,1070,zarafaul nsusan libra kpuid wr fagtng bangzul sarpakenaka pantunjp ariantobulolo hati,1.0
734,1071,bpn prabowosandi lapor kpu lembaga survei bawaslu,-1.0
735,1072,dagang pasar induk cibitung jawa barat gelar tasyakur calon presidenwakil presiden joko widodo kh,1.0
736,1074,tinggal hari tuju umum kpu jokowi tetap pimpin suara angka,1.0
737,1078,ferdinand hutahaean baik kpu setop tayang hitung situng,1.0
738,1080,abdrossid hnurwahid kpuid kursi sekarang kurang empuk,-1.0
739,1085,priyobudis zarazettirazr aldyrl selalu koar koar paling pancasilais bangsat benalunya bangsa,-1.0
740,1086,msaiddidu ilctv karniilyas adil rakyat bs hancur bom besar binasa negeri,-1.0
741,1088,rmolco mulai buka suka nuduh gilir diminta data mumu jelas bilang,1.0
742,1089,lisaamartatara kpuid yakinn diri doa insyaallah tuhan moga meridhoi sadar,1.0
743,1090,bener fadlizon fahrihamzah sekarang kpuid udah bu salah input malah ikut corat coret bah,-1.0
744,1091,twit rame facebuuk rame lapngan kampanye rame massa kpu banyak suara,1.0
745,1093,dpalugada yarham fadlizon curang bu ditangani mk bawaslu kpu,-1.0
746,1095,kingpurwa bangpino cakkhum putrabanten alhamdulillahdi kabupaten kerinci jambiprabowo sandi menang,1.0
747,1096,ferrykoto prabowo kpuid huahahasi ferukontol banyak cakapnya koar kyk pantek ayam padahal jelas,1.0
748,1098,data kemenkeuri biaya pemilu sktr rp t biaya pemilu sktr rp t pemilu rentak hemat angg,1.0
749,1100,rizmawidiono kpuid mantap diinvensi tegas maju us,1.0
750,1102,wgenial impambudi fattuh ngomong kpu fakta tunjuk nyalon presiden x langsung jadi y,1.0
751,1105,nich dok survey n ahli it itb lapor duga curang lembaga survei n situng kpuri bawaslur,-1.0
752,1107,pleno kpu suara caleg pks tinggi kadia,1.0
753,1110,tutup situng komisioner kpu dijerat pidana,-1.0
754,1112,kyozie guru besar ui prof rusli nyata komisi pilih umum kpu ti,1.0
755,1114,lukah dibentuk badan akreditasi kpu lu kontrol sistem kerja mesin hitung kpu cara kala,1.0
756,1115,msaiddidu desioon kpuid tdk nah berfikir jauh sangka rakyat cara rentak mengam,-1.0
757,1116,msaiddidu ilctv karniilyas malah jawab lama sedang jadi kpu curang prabowo menang,-1.0
758,1117,anggorosabdo clethuk emangnya riziek jabatannyakok hebat henti proses hitung kpu dilindungi uu,1.0
759,1118,titojalu nagaulung dahnilanzar lustrilanang swulll relawanprosandi kpuid tentu langsung menang,1.0
760,1119,greenblack masabudiman kpuid udah dihapus sama adminnya tetep jejak digital sulit dihilang,-1.0
761,1121,hnurwahid kpuid lapor polisi palsu begini,-1.0
762,1122,kpuid tunduk sering salah input,-1.0
763,1124,marakupberasa ammanahmu ustadtengkuzul mksud ammanahmu klo menang kpubawasluamptkn curang tp klo menang krn takdir,1.0
764,1125,powerofreceh begini kpu pengen dipuji pemilu jurdil,1.0
765,1126,nyata admin kpuid sekeren admin bkngoid serius hehehehe suruh nampilin udh d benerin mana d,-1.0
766,1130,tatapuri or bodoh ulang salah arti kpu bodoh curang moga semua or kpu curang k,-1.0
767,1131,detikcom detikinet moga suhero avengers kawal kpu jurdil,1.0
768,1132,datangi kpu zon cek langsung hitung suara situng,1.0
769,1134,detikcom lalu fanatik begini nihblm sdh ngakujgn malu pd umum kpu tdk suai harap,-1.0
770,1135,hnurwahid kpuid benar benar hunan error kejar order,1.0
771,1136,korantempo kalau kelompoknya menang kpu hebatekrjanya bagus kali kalau kelompoknya kalah lihat,1.0
772,1138,kpuid preeettttunggulah azab timpa kluargamu kpu curang,-1.0
773,1139,kpuid masabudiman masws viryanazis hsymasyari novidaevi pramonoutan ksetyawan kerja bener,1.0
774,1140,efek situng kpu jumlah suara dukung dikurangi sby presiden,1.0
775,1142,tanda sakit hati menang hasil rekapitulasi kpu ponorogo paslon jokowimaruf,1.0
776,1144,abiyyu bangpino kpuid cakkhum zarazettirazr putrabanten maulanatigor lisaamartatara kendali y,-1.0
777,1146,kpuid masabudiman viryanazis masws novidaevi hsymasyari pramonoutan ksetyawan jangan buta tuli,-1.0
778,1147,saksi prabowosandi tanda tangan berita acara hsl rekapitulasi kpu kota blitar padahal temu,1.0
779,1149,begini ruang situng kpu anggota bawaslu iksa wahai anggota bawaslu pantaskah ruang situng dgn biaya,1.0
780,1151,vivacoid makin stabil suara caprescawapres makin kejang pihak kalah kpu selalu salah mata kalah,1.0
781,1155,kpuid jokowi kroni moga allah laknat kalian dunia akhirat allah kalian lampau batas,-1.0
782,1156,abiyyu msaiddidu kpuid cakkhum zarazettirazr putrabanten maulanatigor lisaamartatara rata merek,1.0
783,1157,adenromeo gardaindonews nasib bangsa tangan kpuid,1.0
784,1160,update jelang pagi data masuk selisih suara jtan moga wiken lancar senang,1.0
785,1162,kesalahaninputdata baik malah makin bertambahtambah kesalahanya situng kpu dinilai tambah kacau bru,1.0
786,1166,doncorleone kpuid salah cayaini banyak salah,-1.0
787,1167,demo relawan prabowosandi kpu kota bogor janji hitung suara jujur buka,1.0
788,1168,charlespambers kpu bayar asuransi kpu rangkap usaha asuransi kpu koalisi tipu umat asuransi pulih kpu,1.0
789,1170,msaiddidu hdrabdurrahman kpu ilc mudh kali kayaknya rezim,-1.0
790,1173,maulana ireneviena kpuid kalau kpu netral moga semua libat curang azab pedih,-1.0
791,1174,ngotot salah input data pemilu modus salah input data,-1.0
792,1175,ayolah kpuid fadlizon jokowi buat klarifikasi investigasi menanglah jujur cc fahrihamzah,1.0
793,1176,detikcom cara tdk langsung skrg mardani caya kpu bu hasil innal koalisinya jd politisi hrs pegang kom,1.0
794,1177,campusteast jokowi bakal menang kalau curang maya curang manana sama kpuid c,-1.0
795,1179,berita menang bagai daerah banyak diberita refleksi situng kpu aneh,1.0
796,1180,cnnindonesia coba berani penting,1.0
797,1181,hukumdan kpuid bangsat,-1.0
798,1182,mdualet fadlizon post kpu anggotax jg manusia bs salahsystemx dlu hrs dibaiki br dilanjut shg data disaji bensr real,-1.0
799,1183,sekedar usul saran kpu msh curang bagaimana kalau kpu ganti sama anak kecil karna,-1.0
800,1186,pidana hanyalah sebatas defenisi implementasi jadi suatu buat pidana adlh lalu bukti tp faktanya pidan,-1.0
801,1188,pilkada amp pemilu dtg kpuid bawasluri dkppri buat uu upload wajib scan c asli sdh ta,1.0
802,1190,doradong officialpan partaidemokrat mulai ancang buat tinggal prabowo akibat panitia gnp,-1.0
803,1191,msaiddidu rakyat us kawal awas curang ahirnya kpuid tetap mbalelo nekat menang pe,-1.0
804,1192,fadlizon databg kpu trus bang tenang bang pastik ente lolos jadi calek bang uangnya udah abis bany,1.0
805,1193,ronnierusli sasongko kpkri kpuid bongkar us keboronya,-1.0
806,1194,bpn prabowosandi lapor kpu lembaga survei bawaslu direktur hukum advokasi,-1.0
807,1196,kpuid masabudiman masws viryanazis hsymasyari novidaevi pramonoutan ksetyawan ci palsu bagaimana kpuid,-1.0
808,1198,partisipasi pilih empuan banjarbaru lebih lakilaki,1.0
809,1199,mbah moen harap real count kpu ramadhan jalan aman,1.0
810,1201,modus baru lalu tps menang dgn suara tanda tangan semua saksi sampe kpu c beda s,1.0
811,1203,fadlizon kpuid nyinyir depan ketua kpu gk disosmed koar gk jelas,-1.0
812,1204,mardani pks anggap situng kpu sunah wajibnya rekapitulasimanual,1.0
813,1205,situng kpu bnyk disusupi c palsu selalu untung ampmerugi alas jadi salah dlm input c hologr,-1.0
814,1207,arwidodo suro lalimoco kpuid kpuid mendiskualifikasi siapa sendiri curangnya malah brutal,-1.0
815,1208,demo kpu jabar mahasiswa unpad pemilu gagal,-1.0
816,1209,ikut kpu ne salah input keseringan maen sma kpu seh jadinya salah input,-1.0
817,1210,imayadewi komisionerkpu kpuid maya klo pemilu jng fokus ama pilpresnya calegnya jg hati,1.0
818,1211,sbsinews guru besar hukum pidana universitas padjadjaran unpad prof romli atmasasmita kata tuduh curan,-1.0
819,1214,timses capres tolak hasil rekapitulasi kpu kabupatennganjuk,-1.0
820,1215,minta maaf kpu nias selatan atas salah input suara suara mnyelesai masalah kesa,1.0
821,1217,priyobudis hnurwahid kpuid disini curang tiga intah sendiri lalu hukum,-1.0
822,1218,newzepret kpuid bawasluri tolak pemilu curang,-1.0
823,1219,ismantengku prabowo sandiuno kpuid bawasluri kalau liat bgt cpt masivenya entry data salah it kpu angka,-1.0
824,1220,kpuid guru tdk butuh ucap cm butuh contoh jujur kpu,1.0
825,1222,said aqil jaga damai caya kpu,1.0
826,1225,tsamaradki kpuid tuju menang indonesia,1.0
827,1226,kpuid rasa tunduk sma undang,1.0
828,1228,ustadtengkuzul kga masuk akal lahkpu aj lu diiksa,1.0
829,1229,cnnindonesia maksud cucu iblis nantang kpu bawaslu tkn sumpah mubahalah nuduh curang lgi ngaku ny,-1.0
830,1230,pidana hanyalah sebatas defenisi implementasi jadi suatu buat pidana adlh lalu bukti tp faktan,-1.0
831,1231,putraerlangga kpu jangan curangi,-1.0
832,1232,rmolco fadlizon jawab tanya sama kpuid masa tanya sama,1.0
833,1234,breakingnews baru info teman intelijen mas mind konspirasi menipulasi hasil pilpres,1.0
834,1238,cara paling efektif patah konspirasi jahat demokrasi dilaku jokowi rakyat kawal total rekapitu,-1.0
835,1239,bagaimana hari salah data inputan situng kpu sdh capai,-1.0
836,1241,baru jadi balikpapan ketua kpu disumpah pakai alquran bukti laku jujur adil,1.0
837,1242,brekingnews jahat sempurna kpu anggap bengkulu jumlah suara kecil jadi entry prabowo menang,1.0
838,1243,baru jadi balikpapan ketua kpu disumpah pakai alquran bukti laku jujur a,1.0
839,1244,korlap ngodek jangan lgbt temenya rockygerung beginilah cara bodoh dukung prabowo saking ing,-1.0
840,1245,jakarta ibukota negara katanya dipindah jaring fast net nomor lambat beud inputnya tps dki bl,-1.0
841,1246,kpuid masabudiman masws viryanazis hsymasyari novidaevi pramonoutan ksetyawan angya sj ngawur apalgi grafiknya,-1.0
842,1247,negaraku hancur lebur palsu c masuk tanda tangan palsu sebuah jahat kasus c tps gerun,-1.0
843,1248,alhamdulillah hasil relawan it prabowosandi diserah ditemu salah dlm penginputan data o,-1.0
844,1249,berita baru hasil real count kpu pilpres jokowi vs prabowo sabtu p,1.0
845,1250,militan punya media militan punya akal sehat buat mantengin situng kpuid jam,1.0
846,1251,intah justru jadi produsen hoax paling sempurna punya segala dikata curang,-1.0
847,1254,kpuid yu tunduk uu mk lapor tugas kpu salah input apapun pidana masalah salah,-1.0
848,1258,beda c web pantau dgn c  mei sore berub,1.0
849,1260,kpuid berita anak beri beres sistem website kpuid,-1.0
850,1261,detikcom situng kpu hasil c disaksi saksi kalah pahit dewasa hadap,-1.0
851,1263,tunggu masanya kpu hadap kpk,-1.0
852,1267,nyata kpu salah input malaysia suara jokowi ditulis,-1.0
853,1270,kenyoriee kpuid baru panas mungkin lebih besar diseluruh nusantara stlh umum pilpres,1.0
854,1271,kpu kumpulnya pendunguan umum kumpul dungu ketuanya,-1.0
855,1272,kpuid semua form pindai c utk tps kelbaipajung tanah merah bangkalan jatim tdk valid tps b,1.0
856,1273,syamunghazi peyboy dianya nyasar beri parah kpu nyasar tahu,-1.0
857,1274,thearieair makin banyak data masuk makin lebar jarak menang jokowi hadap prabowo inilah ditakuti ulama su,1.0
858,1276,cnnindonesia kpu lembaga negara rakyat caya padamu,-1.0
859,1280,romiemocka detikcom trus untungnya gitu mas nunjukin metodo hasil pihak lawan mk lebih,1.0
860,1281,doncorleone kpuid ang mendisain umat balas brutal alas tentara mera,-1.0
861,1282,nyazizalsaggaf jokowi mas agus ajak preskompres bahas korban kpu jadi diabj,-1.0
862,1283,kpu jujur akur kpu curang berang sebuah spanduk surabaya,-1.0
863,1286,ijtima ulama desak kpu diskualifikasi jokowi tkn kalap,-1.0
864,1288,gemblung ulama suu diikuti jelas curang scra vulgar ditonton disaji kpu malah minta,-1.0
865,1289,powerofreceh zarazettirazr bawasluri kpuid relawan jokowi pura gila,-1.0
866,1290,cnnindonesia salah pihak iksa dirimu dulu sdh benar hadapi realitas sekalipun pa,1.0
867,1291,hingga jumat malam kpu tugas kpps wafat total sakit gtgtgtgtgt,-1.0
868,1292,fadlizon kalah semua hasil kuik kuik kon legal n real kon kpugak nh ngaku kalah padahl nh kalah berkali kali,1.0
869,1293,dungu jadi pimpin negeri mungkin kpu laku bodoh bodoh,-1.0
870,1298,msapunya kpuid bawasluri stres relawan jadi patok,-1.0
871,1300,dhanihendy kpuid bawasluri kawalpemilu onnowpurbo sandiuno prabowo pemilu berbiaya mahal telan,-1.0
872,1301,jangan tugas kpu bantu tik wkwkwkwkwk,-1.0
873,1304,mpicommunity presidenbkuasa kpuid tul kalau undang undang msh fungsi sdh benjara bahlul,1.0
874,1305,andai unggul seminggu udah data clear masuk karna unggul data masuk dilambat,1.0
875,1306,tunggu masanya kpu hadap kpk,-1.0
876,1307,cnnindonesia data salah input caya kpuyang salah pidanakami caya ijtima ulama lll,-1.0
877,1308,reno kpuid kpuri bawaslu pihak kpuid sedang laku bodoh penggiringan opini publiktapi rakya,1.0
878,1310,hnurwahid kpuid dukung pantau curang allah swt balas upaya dlm tegak jujur aamiin x,1.0
879,1311,mbakyuevin zarazettirazr kpuid iya ratus istrisuami hilang pasang hidupnya ratus anak hilang org,-1.0
880,1313,abdulrachim kpuid ribu lebih tps bagaimana kalau semua dipalsu c luput didokumenta,1.0
881,1314,tolak belag dngn nyata nyata tunduk kpu mulai ngibul ingat azab allah kalau k,-1.0
882,1315,cnnindonesia klo jalan pikir sesat suruh henti temu diinformasi kpu utk revisi se,1.0
883,1316,lapor salah input situng kpu relawan it bpn desak bawaslu henti situng kpu,-1.0
884,1318,ratus kpps gugur merc jangan kambing hitam lelah kpuid bawasluri,-1.0
885,1320,transparan usai kemarin ajak sekretaris parpol dukung paslon tinjau server kpu hari jumat kpu men,1.0
886,1322,akuntofa kalau curang dikonfermasi sama cek and ricek sepengetahuan sy kpu sdh kerja transparan jurdil netral,1.0
887,1323,detikcom kt banyak te gk kebalik justru sering ne kpu zonk,1.0
888,1326,gungung titusekowibowo detikcom kpuid fadlizon kerja anggota dpr jauh beda sama linma,1.0
889,1327,zorrord harryindah annasuezann kpuid jangan blok guna latih sabar kadang komen kelew,1.0
890,1329,fadlizon kpuid harusnya lgsg ditembak tempat tpstps salah input c c valid,-1.0
891,1331,kpuid kalau tunduk undang dak ribut masyarakat nihstop curang kpu,-1.0
892,1332,ponirahmujahid fadlizon lama jdi curiga jga y mlihat tingkah aneh bpn n relawan balik keraha,-1.0
893,1336,zon lihat langsung cara kerja situng kpuri,1.0
894,1339,kpuid masabudiman novidaevi pramonoutan viryanazis hsymasyari masws ksetyawan bukalah mata hati an,1.0
895,1340,siapakita reftywf kpuid ngerti langsung arah lawan bicara so,1.0
896,1342,cnnindonesia tetap fokus awasi kpu,1.0
897,1343,urus golkar sidrap laku anjangsana serah bantu panti asuh aisyiah,1.0
898,1344,salah input situng kpu jokowimaruf ditulis suara,-1.0
899,1347,thearieair makin banyak data masuk makin lebar jarak menang jokowi hadap prabowo inilah ditakut,1.0
900,1348,vivacoid gelar pantas buat kpuid sekarang,1.0
901,1350,input data dibilang it haha,-1.0
902,1351,vintenas aimarnst sabtu mei jam total data input data nasional tidik cocok data grafik,-1.0
903,1352,semestalink garuda kpu ora wani mk ora wani paruh rakyat wani,-1.0
904,1353,tsamaradki munawarali kpuid kusangka tsamara rupa tsamara akal sehat,1.0
905,1354,siapakita reftywf kpuid sy ajar sana sini om sy dapet justru org auto dungu bi,-1.0
906,1355,selamat kpu laksana pemilu luber jurdil,1.0
907,1356,akibat lacur intelektual sby presiden habibibbu presiden gusdur bu,-1.0
908,1357,kpu salah entry data tdk hny timpa tp jadi emang betul tp salah entry data timpa,-1.0
909,1358,kpu rilis jumlah tugas kpps tinggal dunia sakit,-1.0
910,1359,fadlizon prabowo fadlizon prabowo modus baru tps menang dgn suara tanda tangan semua s,1.0
911,1360,the most serious allegation of electoral fraud so far jenni retno claims itb specialists identified intruder feed,-1.0
912,1362,sinetron pesugihan pakai tumbal nyat kotak kardus kpu tumbalnya lebih banyak kardus angker,1.0
913,1363,kpuid masabudiman masws viryanazis hsymasyari novidaevi pramonoutan ksetyawan kpuid kerja be,1.0
914,1364,restcayah nyata visa situng kpu mulai kerja,1.0
915,1366,detikcom mulai rasa kpu punya setingan dgn kubu,1.0
916,1367,kpuid masabudiman masws viryanazis hsymasyari novidaevi pramonoutan ksetyawan lebih banyak,1.0
917,1368,engkau prabowo sandiuno menjdi pimpin negri hormat penjara,1.0
918,1371,rmolco laskarsurajaya bawaslugakkumdupolisijaksahakimklo emang indikasi bukti komisioner kpu,-1.0
919,1372,romeodelta oppositelinks kpuid bawasluri iya maju trus nyebur kolam,1.0
920,1373,kpu salah data bantah kalau berani,-1.0
921,1374,pacitan utk jatim hasil pleno kpu pacitan suara sah ,1.0
922,1375,tsamaradki kpuid salah input human eror,-1.0
923,1376,hormat prabowo bang sandiuno jngan kwatir kpuid menang engkau,1.0
924,1377,msaiddidu ilctv karniilyas libur dilibur soalnya versi kpuid kali tayang hari kelia,-1.0
925,1382,kpu tunduk uu benarkah pdhl bilang mslh bilang mslh artinya curang kesalah,-1.0
926,1384,detikcom smpai bpn us rahasia hitung suara patut curigai rncana trtentu dgn kpu,1.0
927,1385,hormat kpuid tolonglah berprilaku baik jujur adil sekrg pantau kalian bu satu,1.0
928,1386,angelone wsanzulanda kpuid rampok suara rakyat,-1.0
929,1387,akses masuk ruang server kpu dibatasi,1.0
930,1389,tuhan tugas kpps tewas sakit indonesia pesta demokrasi bencana naik ta,-1.0
931,1394,akibat visa kpu jangkit nalar berefek selalu salah hitung dahsyat pengaruh visa,-1.0
932,1395,viryanazis kpuri fadlizon zonk tetap paham gomik,1.0
933,1398,wrunturambi zokowiek kpuid kerjanya nyurangin suara rakyat ngisep darah rakyat bajing,-1.0
934,1399,fahrihamzah patut disalah anggota dprri sah uu pemilu ttg pemilu rentak haru,1.0
935,1400,fadlizon tonton bodoh caleg meisme atur sendiri ikut buatny,-1.0
936,1401,unkwonmouse kpuid lihat lempem mahasiswa tahun akhir kritis intah aneh,-1.0
937,1402,vivacoid gatotgeneral situng brutal kurang ajar rakyat dosa banyak meninggaltapi ko,-1.0
938,1404,cipta kondisi seolaholah kpu curang,-1.0
939,1405,hasil pleno kpu mulai direkap lets see buat banding versi pleno kpu versi situng kpu vers,-1.0
940,1407,selamat kpu laksana pemilu jurdil,1.0
941,1408,katanya dasar exit poll rahasia milik kalian kalian menang prabowo empat kali sujud syukur ny,1.0
942,1409,lantas siapa bertanggung jawab atas tinggal sebut berani kata pemilu sukses,-1.0
943,1410,emang bu dek kpuid it kpu habis banyak duit rakyat sampe banyak kejanggalandi it kpu tsb,1.0
944,1412,video kpu salah input data koreksi dilaku,-1.0
945,1415,palsu c masuk tanda tangan palsu sebuah jahat kasus c tps gerung utara gerung,-1.0
946,1420,kpuid pemilu kalian curang,-1.0
947,1421,republikaonline eror salah ko us us maya petuga entri data kpu kerja profesional dong ka,1.0
948,1423,ngowatchindo minta jadi batu katanya kalau kpu curang kabul,-1.0
949,1425,kejar target rapat pleno kpu dibagi jadi panel cianjurekspres,1.0
950,1427,kpuid masabudiman masws viryanazis hsymasyari novidaevi pramonoutan ksetyawan kalian sakit jiwa,-1.0
951,1428,mbah moen harap real count kpu ramadhan jalan aman tunjuk jelang ram,1.0
952,1429,gowa maccini baji tps sah tdk sah sah tdk sah maklumi kpu manusia,1.0
953,1430,kpuid kamu sadar sihdg jadi ribu salah input penginputan tdk imbang semua daerahy,1.0
954,1432,iqrozen akuntofa kpuid seneng jokowi kalau salah input banyak nguntungin bapak sebut ketah,-1.0
955,1433,berjamaah bohong surat suara bakar papua kpu ksp polri rentak kata surat suara pakai,-1.0
956,1434,sheismysin kpuid selamat pagi proses semua data masuk proses data menang pasl,1.0
957,1435,tps ds gorowong parungpanjang bogor jabar suara sah mmbengkak jadi dahnilanzar fadlizon,1.0
958,1437,salah input laku kpuid selalu rugi kait pemambahan depa,-1.0
959,1440,salah situng kpu x amp x salah x amp x curang x amp x curang masif x lebih jahat,-1.0
960,1442,maaf prof presiden ri jadi inget situng kpu sayanya,1.0
961,1445,anggap situng kpu bermasalah zon henti hitung via post,1.0
962,1447,kenyoriee ddarpen kpuid pantang mundur,-1.0
963,1448,agoeswidiantoro rmolco data c dipegang bpn sdh bukti menang nyata upaya menggagalk,1.0
964,1450,buat tug input pidana pasal undangundang pemilu anggota kpu lalai men,-1.0
965,1453,tinjau situng kpu zon hitung caya masyarakat via tribunnews,1.0
966,1455,doncorleone kpuid kpu tdk beri beda salah input sengaja menginput salah,-1.0
967,1456,coba inget pakakhir sering salah ngomongatau sby presiden ttg prosentase kesal,-1.0
968,1458,bahan bakarnya kpu pke solar jd loyo input coba pke batu bara ngaciiii,-1.0
969,1460,tempur lanjut bu versus alih kpubawaslu versus rakyat kuat siapa,-1.0
970,1462,dukung kawal penghitunggan kpu semanggat,1.0
971,1465,kpps tinggal dunia ketua kpu pd disorot kamera sakit jiwa,-1.0
972,1466,hukum gantung ketua kpuid,-1.0
973,1471,mohon kpuid jangan main suara rakyat juang suaranya didengar dicu,-1.0
974,1472,ketua it bpn agus maksum bunya kurang sekarang situng malah tambah kacau brutal bu salah,-1.0
975,1473,untung yah sidang isbat muibmkg lapan coba kpu hari jadi bu puasa wabah lapar,-1.0
976,1475,biasav modal inspect element bilang kpu curang,-1.0
977,1476,udah masabudiman jangan lalu bela kubu sebelahlamasih lupa kalau ketua kpu mati penuh misi,-1.0
978,1478,petisi sdh dilaku disetujui waspada laku curang mulai kpu tingkat endah sd kpu tinggi,1.0
979,1479,kpu tolak mentahmentah minta mendiskualifikasi jokowimaruf amin bagai pilpres,-1.0
980,1481,riasulaimani onnowpurbo kpuid buktinya buktinya mana berapa total tps ang punya bukti kr,-1.0
981,1482,unkwonmouse kpuid gw kagak yakin emang mahasiswa kritis peduli,1.0
982,1483,pramono anung sebut minta rizieq setop situng kpu aneh,-1.0
983,1485,tanggapi temu jokowiahy demokrat sebut lalu dini bicara koalisi amir menyataka,1.0
984,1487,cahyoyok msapunya kpuid bawasluri mana ngerti prof kaya gituan taunya  bulan,1.0
985,1489,kpuid masabudiman masws viryanazis hsymasyari novidaevi pramonoutan ksetyawan rekap data entry sel,1.0
986,1493,fadlizon kpuid langkah tepat untk langsung pantau mimimal kurang buruk sangka,-1.0
987,1497,abdulrachim zarazettirazr kpuid moga prabowo sandi naikorang curang penghianat dihukum seb,-1.0
988,1499,zon situng kpu bermasalah baik dihenti,1.0
989,1500,kapan beresnya kpuid kalau salah input trs rakyat kesal banyak salah rakyat sekar,-1.0
990,1504,kpuid salah input hoax,-1.0
991,1507,saran neehh hari tetap kpu mei yad lu comparare data c relawan saksi,1.0
992,1509,kpuid msaiddidu hati dinilai hati ungkap benar gantung s,1.0
993,1512,bangray akuntofa kpuid prabowo rasa menang qc tp deklarasi menang nyuruh org utk nego spy,1.0
994,1513,divhumaspolri mohon kpuid tangkap banyak hoax c banyak suai input datanya hoax jg,-1.0
995,1515,kpuid tlg direvisi input utk tps kelkesenet banjarmangu banjarnegara jateng data diinput tp,-1.0
996,1516,msapunya mayairma waduh kpu udh mmg g syg rakyat rupiah hlg semualalu pd sp rakyat taruh ke,-1.0
997,1518,kpuid tpi undangudang laku cmn buat ber duit qlu ber duit mnh laku namanya undangundang,1.0
998,1519,provinsi banten dikuasai tinggal situng kpuid dijaga situng kpu banten sen,-1.0
999,1520,sore tadi bpn data fakta kait pola curang tsmb tps diverifikasi,-1.0
