,Tweet
0,kpuid bawasluri mantap
1,legowo sama hasil situng emng kalah legowo pilgub dki aman
2,liat timeline kpu bakal tabrak hehe
3,komplek mega mai mana suaranya salah input kpu tps lurah padang sarai komplek mega mai kota
4,tps gerung utara gerung lombok barat ntb input web kpu suai c asli janggal c
5,malah lebih dahsyat salah inputnya
6,salah kpu input data formulir c manusiawi
7,kpuid sedikit bocor
8,salah kpuid kpu tanya komisi ii dpr pilih manusia goblok gini jadi komisioner kpu
9,rakyat surabaya tuntut suara dirampok inilah hasil curang dibiar rakyat lawan
10,pemilu kali beres situngnya beres rekap kabupaten beres otomatis hasilnya be
11,tolak narasi curang pmii gelar aksi dukung kpu bawaslu
12,kpkri bap udah revisi situng kpu direvisi bener sem
13,sang profokator jati
14,suai kicau lama pakar itb sebut situng dikendali intruder sebut asal depan gambir
15,ibarat kasih jatah ma trus ma jatah namanya dasar rakus
16,kpu situng gaduh buat ditahan
17,dukung cinta indonesia adil makmur curang pemilu kedepannya jangan
18,bpn prabowo serah bukti duga curang situng kpu bawaslu duga curang
19,temu jokow ditengah curang kpu massif sisa gerindra
20,bukti dukung punya ilmu politik dikit langsung ngegas gitu
21,situng kpuid erorr dicaya
22,bilang kalian lembaga survey bayar atur quick count adil paling bertanggungjawab atas ricuh
23,nyata duka citasimpati atas jadi jokowi jancuk
24,situng kpu dinilai tambah kacau brutal
25,guru besar ui kpu layak jadi hasil pemilu
26,situng kpu disusupi c palsu suara jokowi medan tambah selesai khawatir akibat belas ribu human error
27,lama nongol romy sampai selamat kpu laksana pemilu jurdil
28,menang telak jawa barat jawa timur dki banten aceh padang ntb jambi
29,jahat oknum kpu jadi tps gerung utara upload c palsu menang paslon
30,insya allah senin besok mulai puasa ramadhan sama mohon maaf lahir batin moga semua jalan
31,habib rizieq nilai real count bahaya bentuk opini salah masyarakat
32,kpu kata situng kpu dijadi bagai patok dijadi patok hitung manual kalau
33,kpuid demokrat melenggang hadap jokowi sisa gerindra pks
34,tiap fungsionaris lembaga selenggara pemilu lu komentar suatu suatu potensi undang
35,hati banyak alih isu fokus kinerja kpu lengah dikit tewas
36,press release serah bukti lebih salah input situng kpuid diima bawaslu
37,jahat rezim jokowi kpuid pemilu lebih parah jahat pki brutal nyangkal jahat kedok
38,jelas kpuid prov jawa barat kota kota sukabumi lembursitu kel situmekar tps
39,x bawaslu serah bukti curang pemilu masuk minta bawaslu lihat proses input data kpu
40,luar biasa tim it bpn temu salah input data situng kpuid bukti diserah bawasluri kesal
41,kembali indonesia pemilu buruk panjang sejarah dunia
42,beda demokrasi bangsa indonesia paling suka ketidak adilan fraud curang inkompetensi
43,kaum dungu koor berjamaah tawa ala karniilyas yukk enak jadi dungu
44,saran betul bang masalahnya belah mulai radang abangku panik tutup
45,viral yok bawa bukti lebih salah input situng kpu it bpn desak bawasluri henti situng kpuid
46,bawa bukti ribu lebih salah input relawan it bpn desak bawaslu henti situng kpu
47,bu situng kpu direvisi bap direvisi banyak ajaib sejak rezim kuasa
48,baru hasil real count kpu pilpres jokowi vs prabowo hari jumat mei data masuk jokowimaruf
49,pikir lantas siapa bertanggung jawab atas semua bang lulus menjdi kpu sedang tugasnya
50,forensik mayat
51,pantesan klo kamvrets pintar enak bilang dungu data sedia sedang dibaiki sama kpu
52,bunya hampir salah input
53,potret curang bpn prabowosandi struktur sistimatis masif bawasluri kpuid saksi prabowo
54,kpu salah input suara jokowimaruf bengkak johor baru
55,saksi prabowosandi tanda tangan berita acara hasil rekapitulasi kpu kota blitar padahal temu
56,bpn prabowosandi lapor kpu lembaga survei bawaslu
57,nyata ruang kpu macam tor kalurahan sempit alat t dihargai segitu
58,kpuid kpu emang pekok bahlul
59,hukum kpuid mantap
60,hadiri acara silaturahmi rekonsiliasi pasca pilih umum gunungkidul dim
61,video awasi situng saran masuk diawasi cek ulang data situng entri
62,kpuid data tampilan depan dibaiki dibuka eh data sedia naik
63,hampir semua lihat curang bawaslu curang ketidak netralan ribu kpps
64,curang curang
65,tular kpu prof
66,situng kpu soal capres jokowi unggul sen
67,kapok malu kpuid diberita media mainstream
68,sabtu pagi hasil hitung via kawalpemilu situng kpuid
69,hati hati kpu
70,situng kpuid kacau brutal dajjalkah kopi pagi akhir syaban sruputan nikmat sambut ramadhan smoga dajjal
71,langkah sinergi jalin lalu suluh bangsa tokoh turut diwujud kpuid
72,kalau salah input us siapa caya situng kpu
73,be smart netizen edar berita hoax kait broadcast media chat whatsapp isi konten gila ny
74,bpn lapor kpu lembaga survei kebawaslu
75,moga kalian segera
76,pulang kunjungi kpuid prof jadi tular salah input
77,kpuid cebong anjing
78,gawat banyak surat suara coblos setan kpu mnyelesainya lalu mk kpu input data
79,press release serah bukti lbh salah input situng kpuid diima bawas
80,dahsyat tim it prabowo lapor salah input bawaslu buktibukti tunjuk kpuid tindak
81,hukum kpuid cebong bangsat
82,benersitung dikendali intruder fungsi ubah data disesuai dgn qc pusatnya gambir pakar
83,kpu kata situng kpu dijadi bagai patok dijadi patok hitung manual kalau
84,kata kpu caya kalau kambing ngeong kamu caya
85,bu situng kpu direvisi bap direvisi banyak ajaib sejak rezim kuasa
86,bpn tanya hitung suara kpu
87,kpuid selamat buat rakyat apatis
88,selamat pagi semua jadi acu bukti bawasluri kpuid
89,akhir tivi arab diwakili aljazera berita bentuk curang jadi pilpres gimana
90,masyaallah iknya matahari surabaya henti langkah masyakat suara benar tuntut adil
91,ngigau ni nyoblos dasar tug hoax
92,kpuid nyata sekelas kpuid seleranya akun bokep penghina rosululloh
93,bubar kpuid isinya sampah dapur
94,jakarta proses hitung suara hasil pilih presiden cara real count
95,kpuid bawasluri kejar imbang quickcount tv
96,cucu diri nu gus aam tantang kpu sumpah mubahalah bukti curang
97,c berapa lapis jangan coba tipu rakyat tebar kacau semua
98,moga babinsa jauh lebih jujur kpu bekualitas
99,barusan muncul lama bang situng kpu bermasalah disinggung kali
100,salah bangsa salah rezim rezim kuasa sekarang jadi gaduh disana
101,selesai baiki
102,menang barca atas lfc curang struktur sistematis masif desak kpu bawaslu
103,salah entry doang
104,bocah kelas i masuk database katanya security data utamanya aman gimana ahli kira ruang penting kpu
105,curi diganti jadi salah ambil
106,prabowo mas sandiuno tetap semangat safari beri semangat ucap ima kasih dukung
107,pleno kpu kuningan rini sujiyanti kalah oni suara calon dpd ri
108,jangan jadi salah jadi biasa kpuid
109,kalau benar kpuid libat atur skor bawasluri tindak tunggu azab allah
110,tim prabowo serah box container bukti salah input data situng kpu
111,lucu jago maksa jadi presiden anak kecil minta men lolypop
112,situng kpu sabtu pagi lihat jokowimaruf unggul sen
113,usah dite ble kegencet ketidakwarasannya sendiri harusnya diganti mundur semua
114,betul bang kalau bu people power kpu bakal ngakui salah
115,lihat pemilu pilpres uras anggar sangat besar capai rp triliun mirisnya
116,kata kpu caya
117,hari kampret bahas curang kpu hastag kali nai kpucurangrakyatmelawan padahal
118,hasil pemilu diima rakyat baik aspirasi suara rakyat dihitung bareng situng kpuid sulit diima
119,kunjung prabowosandi aceh raya syukur menang bpn prabowosandi bawaslu bahas curang it situng kpu
120,situng mulai melambat signifi naik suara suara  situs kpuid kayaknya berat input
121,real count kpu sen jokowimaruf unggul sekira juta suara
122,kpu bilang situng bu patok media tv tiap menit siar hasil situng jadi alat propaganda dong
123,suara gerus bu situng kpu rekap  kabupaten suara sampang susut ppk kedungdung
124,curang kpu sungguh biadab laknat kalian hey antek rezim sontoloyo
125,satu salah
126,serius t servernya begini pleasa kpuid lebih dicaya jangan takut diaudit forensik
127,bpn prabowo sandi halal macam cara menang walaupun posisi kalah cara biadab dilaku
128,bayang tug input data kpu kerja bank berapa milyar rupiah uang nasabah lenyap dungu bangga
129,kpuid goblok
130,like kpuid
131,trus c palsu
132,propinsi aceh hasil rapat pleno kip kpu tingkat kota aceh utk pilpres siapakah kuat kota banda
133,gila bener situng dikendali intruder fungsi ubah data disesuai qc pusatnya gambir pakar
134,kpuid salahnya bu sedikit salah hampir tiap hari
135,tps gerung utara camat gerung lombok barat ntb input web kpu suai c asli janggal c
136,kpuid bawasluri lihat cermati rakyat disuguhi curang
137,kpuid bayar janji hutang hutang dibayar kalau dibayar sama
138,atur kpu no tahun pasal ayat disebut c dipindai situng paling lambat hari
139,dukung prabowo ntb minta kpuid diskualifikasi jokowimaruf desak bawaslu kpu putus batal
140,situng kpu layak salah input diancam pidana
141,kalau stop kpu ngeyel
142,jumlah tumpang beoing max kitar jatuh seluruh dunia prihatin pemilu indonesia
143,server kpu rasa warnet
144,bedanya jawa barat sama jawa tengah n jauh kali selisih inputannya kalau fair kpu mintol input
145,resmi bpn lapor data salah input situng kpuid bawasluri
146,enak ngomong ngademin beresin kpu sby tinggal bilang jujur sby kaya anak
147,situng kpu dibiayai rakyat jangan dipake buat ngebohongin ngebodohi rakyat
148,cuman laksana intah hr pakai alas segala situng kpu bermasalah
149,baru medan sumut jateng jatim bali lebih gila jateng wow jujur
150,kpu depok salah input suara jokowi ditulis
151,moga tugas sengaja pangkas suara dipangkas umurnya dipangkas rezekinya amin
152,bpn prabowo serah bukti duga curang situng kpu bawaslu duga curang
153,kata pepatah anjing gonggong kpu tetap lalu moga curang dilaknat allaha amin
154,fadlizon ngajak ikut dukung stop situng kpu ogah
155,situng kpu sabtu pagi lihat jokowimaruf unggul sen
156,maksudnya takut justru tegas didepan publik intah lalu menko tolak tunduk
157,negaraku hancur lebur palsu c masuk tanda tangan palsu sebuah jahat kasus c tps gerung
158,tarawih rakaat witir rakaat rakaat tarawih rakaat witir rakaat rakaat awas salah input good pagi
159,makin jelas curang telanjang laknatlah kalian orangorang curang
160,kpuid salah sedikit disebut gagal kalau salah banyak sebut
161,kpuid caya sama kpu banyak omong mulai kardus anti air kuat katanya dulu hadeh sekarang dibilang human error
162,lemhannas minta semua pihak paksa kpu
163,bapak jangan koar medsos bicara sama kpu kasus diselesai cara buka
164,hawa negatif mendung kelabu selimut kpu
165,apresiasi khusus presiden tokohtokoh nasional atas laksana pemilu raya cara
166,banyak data suai c prodem minta situng kpu dihenti
167,stop situng kpu pola hitung manual disaksi publik cara buk
168,kpuid serius tunduk jangan dibibir dihati
169,kpuid usah tutup mata zolimi karna te rakyat te karna rasa suara zolimi
170,kpuid jangan jadi punya mata lihat punya telinga
171,tunggu situng kpu sby imbau semua pihak tahan diri
172,ketua pbnu cayai hasil hitung kpu
173,beberapa besarkah caya hadap situs pilpres kpu rasa khawatir
174,situng kpu bu hitung menang pilpres hitung manual dianggap sah kpu
175,kpu ri bawaslu selidik sbenarnya tuju harap dibalik
176,c dibikin rangkap dg isi data sama tanda tangan cara sah masing saksi diberika satu
177,kpu pangkalpinang selesai rekapitulasi tujuhkecamatan
178,sukses buat kpu selenggara pemilu lancar jujur buat
179,uslah tunjuk bukti fakta jangan nah lelah lawan curang
180,jejak sangka mulai admin kpuid
181,jokowi kpuid mesti takut bunya udah menang paham sama kalian wkwk
182,tim cari fakta curang tim bpn rosiade kalau curang tolak bentuk tim cari
183,bila nyata soegianto soelistiono benar nyata dikategori salah curang jahat kpuid
184,ang waras selenggara pemilu suara rampok kaya negara
185,udah buzer kpu ri bersih dulu kpu sekarang dukung
186,tolak people power aliansi mahasiswa bandung siap kawal kpu
187,kpuid eits hati moga ngetuitnya ikhlas
188,moga kpu tetap amanah komisioner kpu ilham saputra komisi pilih umum kpu curang
189,situng kpu dihack intruder depan stasiun gambir dukung pasang calon paslon presiden prabowo subiantow
190,lebih salah input data situng kpu
191,dipajang kpu lalu situng nyata banyak kali salah lebih parah palsu c udah salah segera
192,main lapak kardus kpu chek in hotel semeru bogor segala dungu
193,abotan bekas warnet sekarang disimpan tor kpu bangga tunjuk abotan rasa malu uang
194,jatah libur kena piket kpu mati
195,ingat berita media kompas desember kata salah sedikit pemilu disebut gagal
196,situng kpu baru capai sen
197,kpu bawaslu diberi bukti lebih salah beri rakyat transparansi jujur adillah rakyat
198,kpuid trus ngapain kamu follow lupa sibuk ngurus anak sama suami
199,masif salah situng kpuid sinting fb pakar it univ airlangga prof soegianto soelistiono
200,kerja mu kek gitu
201,bah kait pencurangan c aspal wanti sejak lama bantu kpu
202,urus salah kampret keluar namanya keliru manusiawi manusia begok
203,pakar it universitas airlangga temu salah input data situng kpu henti situng kpu bagaimana
204,bang karni buya kpu te pihak manapun
205,pakai etika sedikit sabar sedikit hasil kpu umum kasih
206,darurat curang kait c input data kpu aktivis desak kpuid tutup situng
207,asal ngemeng tong kemarin tantang
208,semua postingan dihapus lebih dulu akun professor soegianto soelistiono bongkar curang kpu tewas
209,penting rakyat penting golong turut beberapa lembaga survey
210,update baru hasil real count kpu pagi mei suara masuk
211,bpn lapor kpu lembaga survei bawaslu
212,uji benar ima rc kpuid main aman oportunist capek
213,kpuid curang ma
214,henti situng kpu salah sangat brutal banyak salah input data situng jumlah
215,setauku situng bu dasar tetap jumlah suara tetap jumlah suara tetap hitung manual situng
216,situs kpu sama survey qc menangin bayar bentuk opini
217,akhir bpn prabowosandi buka rahasia curang hasil input data kpuid banyak kemarin
218,kpuid bawasluri dkppri penanggungjawab selenggara pemilu cara caya rakyat yuk
219,kalau aplikasi situng buka luang salah input ang baik stop baiki dulu artinya
220,update jelang pagi data masuk selisih suara juta moga wiken lancar senang
221,minta rizieq shihab henti situng kpu dinilai aneh
222,intelijen eks kopassus oasi cipta kondisi kpu curang
223,kawatir hitung kpu hasilnya beda hitung tim tetap hitung
224,maaf prof inilah udah bela kpuid curang jadi ngehitungnya ikut hitung kpu
225,hukum alam sama hukum rimba satu kabupaten beda camat
226,tutup situng komisioner kpu dijerat pidana
227,kpuid salah tegur tahan salah dungu
228,baru governoor of indonesia
229,pecah maya jangan ditambah kpu bawaslu pasti bener kasihan pemilu
230,modus baru lalu tps menang dgn suara tanda tangan semua saksi sampe kpu c beda
231,heran kampret awalnya kalah qc suruh nunggu kpu gilir hitung real kpu hampir selesai kelejotan
232,nyata ruang kpu macam tor kalurahan sempit alat t dihargai segitu
233,hati sekarang data kpu dibaiki human error urut manusia
234,kali bawaslu serah bukti curang pemilu masuk minta bawaslu lihat proses input data kpu
235,selamat pagi proses semua data masuk proses data menang paslon
236,teller bank salah input setor sanksi lho teller bank salah input angka setor sistem bank
237,kpuid rampok suara rakyat
238,kpuid suara naik duluan lu revisi naik belag lu revisi duh kacau
239,kalau kemudian minta real count situng didrop disetop aneh demokrasi makin maju alat
240,komplek mega mai mana suaranya salah input kpu tps lurah padang sarai komplek mega mai kota padang
241,mimin kpuid sayang kapan postingan like gitu mimin like postingan
242,kpuid ingat jendral mallaby tewas surabaya nopember
243,oppositelinks kpuid bawasluri cara simpen video tweeps gimana kudet bener emak
244,maspiyuuu kpuid jarot kalah sumut
245,kpu hasil pemilu ditentu it semua beri situng kpu us laku input data
246,kpuid nyata mana kau dusta kerja kotor kau bayar mahal goblok
247,kpuid ngibul kau tunggu adzab
248,cek situs hitung kpuid jaksel banyak kosong gimana
249,baik situng kpu dihenti lalu banyak errornya
250,berani pulang katanya takut sama
251,kawal kpu jangan curang us salah input tiap menit
252,viral copas bpn bangkit bawa bukti lebih salah input situng kpu it bpn desak
253,dite ijtima ulama ikut komentar usul audit forensik kpuid selalu ditolak
254,begoknya fadlizon lihat jangan nyinyir doang bukti server kpu berantak
255,ungkap backend frontend sistem it bang rizal ramli nyata dasarnya rakyat ima
256,kpu salah input
257,kpu pangkalpinang selesai rekapitulasi tujuh camat
258,hampir semua lihat curang bawaslu curang ketidak netralnya ribu kpps
259,banyak lapor janggal input data kpuid penuh rekayasa
260,dok survey ahli it itb lapor duga curang lembaga survei situng kpuri bawasluri
261,kpuid cara suka tweet sebut lihat kali bagaimana moralnya kpu dasar sampah
262,dukung habis kpu kerja maksimal pihak
263,kpu bayar taipan partisipan pikir utnya sendiri punya rasa cinta bangsa
264,suara jokowi kpu hitung salah manusia tib manusia
265,jumlah korban us tambah jadi tanda tanya besar sebuah tragedi massal us jatuh faktor
266,tv sampe hitung masuk hitung situng kpu posisi ubah aneh
267,kpuid bingung liat sikap kpu
268,prabowo kalah turut quick count turut real count situng kpuid menang turut bacotnya
269,iya rakyat legowo politik benar rakyat cara langsung
270,namanya ruang it kpu ruang karaoke mengambar ruang elite dibayar mahal rakyat kerja kpu
271,dahsyat tim it prabowo lapor salah input bawaslu bukti tunjuk kpuid tindak sangat
272,jadi alas kpuid bpn datangi bawaslu bawa bukti
273,kpuid us temu salah input artinya
274,pakai logika situng kpu tinggal jauh
275,masalah situng kpu hubung server masalahnya software bu hardware
276,warning semua kaget lihat video ketua kpu tunjuk ruang it kpu lu informasi bu ruang it kpu
277,sekarang teknologi informasi it kpu canggih habis dana milyaran rupiah gagal penuh
278,kalau jumlahnya bu salah input namanya salah niat ketua kpuid
279,kpuid dusta kalian semua jangan harap rakyat diam curang kalian laku cara brutal
280,anak sekolah libur awal puasa hari libur hari raya hari total libur hari versi kpuid
281,betul ikhtiar total apapun hasil kpu tunggu arah ulama
282,kpuid kalau jae menang kelar rekapnya cukup senyum liat laku mu
283,ulama masa ulama keluar mulut sampah
284,hoax kontainer surat suara masuk penjara hoax server kpu setting masuk penjara hoax
285,kpuid jahat
286,ratus kpps gugur jangan kambing hitam lelah
287,kpuid bu salah input ang sengaja kpuid otakmu isinya
288,kali kali salah input data wajarlah kalau ratus kali bah ribu kali bu
289,gini lho tuju tinggal gimana tanggap bawaslu pihak kait
290,sekjen golkar idrus marham yakin syarat kpu lengkap
291,berlama entry data unfaedah diduga hindar silpasitung publikasi manfaat
292,kpu gelar rapat pleno rekapitulasi suara
293,soal server kpu dioasi sila tanya menang tender sewa drc kpu pt cyber network
294,banyak bacot curang tinggal lapor bawaslu
295,kpu kata tutup diri koreksi pihak
296,mulai hari rakyat bpn antisipasi jadi krisis politik akibat gagal kpuid intah
297,prabowo sendiri quick count ang buat lemas utama mula model
298,menang pilpres hasil hitung manual kpu ketua komisi pilih umum kpu arief budiman tegas
299,situng kpuid banyak tampil data keliru maya usah pakai istilah real count sama bodoh
300,kpuid udah lapor bagai menjalan kompu buka
301,fkui audiensi kpu ri ihal jumlah anggota selenggara pemilu adhoc alam sakit hingga tinggal dunia
302,kpuid komisi tipu umat
303,viral copas bpn bangkit bawa bukti lebih salah input situng kpu it bpn desak bawasluri henti
304,parpol koalisi fpi hti dukung garis keras lainnya us manuver giring opini
305,audit forensik kpu
306,curiga kpuid bawasluri divhumaspolri tanya kalian kongkalikong pemilu tahun hancur
307,gedek enek muak kpuid
308,bapak jurkamnas hebat datanya darimana kpu laku proses
309,miris video intip server kpu dinilai kelas warungan sedih
310,kpu sering hoax sering salah input klo dikoreksi rakyat adem anyem jadi hoax
311,salah semangati kpu lebih penting semangat dirinya tetap sehat
312,kpuid jokowi kroni moga allah laknat kalian dunia akhirat allah kalian lampau batas
313,bener banget kpuid duit kalian guna duit rakyat
314,prof tamburin moga bawaslu adil cepat tanggap selesai kisruh moga kpu segera netral
315,tunggu hasil putus kpu siapa menang presiden ikut lama tahun
316,suara gerus bu situng kpu rekap  kabupaten suara sampang susut ppk kedungdung
317,kalau tanding bola wasit punya hak beri hukum walaupun latih koar
318,kalau liat cepat masivenya entry data salah it kpu angka
319,curanglah kalian tuai badai
320,bagaimana hitung centage salah input kpu kalau url mati
321,lempar batu sembunyi tangan
322,kalau menang seminggu udah rampung realcount kpuid karna menang sengaja dilamain
323,mohon dikoreksi tayang real count kpuid imakasih
324,kpuid dicurigai bagai jahat elektronik beri
325,didukung golkar jokowi menang suara atas sen pemilu datang
326,ketua kpuid harusnya mundur
327,diminta diskualifikasi capres setop real count kpu tunduk siapa
328,pemungutan suara hingga . salah manusia human error
329,massa bogor beri juluk kpu komplot khianat umat
330,stop situng kpu
331,bawa bukti bawaslu tim it bpn lapor salah input situng kpu
332,ang kpu baikilah dulu usah defensif nalar publik jadi bego bu soal
333,banding dana kualitas kerjanya jauh panggang balik kpps
334,kpu hasil pemilu ditentu it semua beri situng kpu us laku input data
335,jadi kesalah input situng kpu jadi desa pe tps pilpres
336,kpu tunduk rizieq lewat
337,kemaren salah tanggal sekarang salah sebut nomor disengaja cari
338,kpuid tug tipu rakyat ditipu tinggal tunggu waktu
339,tunjuk jelang ramadhan menang bangsa indonesia insya allah hitung suara insya allah aman
340,warning anak kecil anggap server sewa kpu sangat mudah obos coba tanya anak paud
341,syaiton kpu makar
342,innalilahi wa jangan sia juang curang yah
343,kpuid suara naik duluan lu revisi naik belag lu revisi duh kacau
344,harusnya seru pilpres jangan curang kpu jujur bahaya imialisme cina lewat obor jerat utangnya
345,salah input suara disengaja anggota kpu ancam penjara
346,kondisi abu angkat isu diviral kubu takut salah angkat isu independensi kpu
347,moga bawaslu adil cepat tanggap selesai kisruh moga kpu segera netral
348,kpu bu manusia
349,pesta demokrasi tahun alias pemilu hancur anas aktor utamanya
350,dpt kabupaten buleleng undang disalur berati salur sedang
351,ngaco kpuid
352,kalau daerah menang caya kpu kalau daerah kalah caya
353,aksi balik presentase dilaku situng kpu sungguh luar biasa hilang suara juta
354,kpuid bu goblok bloon
355,manipulasi form c kota banyuwangi kecmatan kalifuro kpuid gimana
356,salah entri alas kpu server kpu buat pajang doang input data
357,jahat oknum kpu jadi tps gerung utara upload c palsu menang paslon
358,wahai kpuid henti sandiwara kalian jangan tonton rakyat negeri salah input situng
359,konsolidasi simpul mungkin siapa manusia dibalik kpuid manusia jenius layak
360,tim relawan prabowo tangan bidang informasi teknologi datang gedung bawaslu datang
361,salah entri data situng kpu bulah curang human error
362,kpuid dukung support nah surut maju us pantang mundur
363,kpuid tgpf tolak audit tolak maling
364,us tugas input kpu kerjanya ngapain ngoreksi salah doang ajaib pisan
365,situng kpu jokowimaruf unggul kitar juta suara
366,mohon kpuid minta team inputnya bantu tambahin presiden gusdur tadi minta sahabat baik
367,golkar serah tujuh kotak isi syarat daftar kpu
368,utnya arief budiman lihat gendut banget samping t aman
369,salah imput mulu rugi
370,situng kpu disusupi c palsu suara jokowi medan naik protes muncul tuding kpu palsu form c diinput situng
371,mahasiswa gerak kawan mahasiswa lampung gruduk kpu lampung moga tular daerah jangan diam
372,mantul usah dengar berisik ang pikir siapa lanjut hitung
373,sistem it kpu dirancang ikut qc suara menang prabowo masuk otomatis tps suara
374,suka kalian
375,kata kpu tunduk te manapun tanya sama duit jabat tunduk
376,dibaiki klo viral lol
377,bu elit politiknya om gelandang politik bani onta blingaatan jadi
378,menang telak jawa barat jawa timur dki banten aceh padang ntb
379,bawasluri dkppri kpuid inilah salah contoh curang pemilu paling brutal modus tps tambah
380,heran klaim menang deklarasi menang sujud syukur iak kpu curang
381,heran aplikasinya validasi jumlah suara sah jumlah
382,luar biasa tim it bpn temu salah input data situng kpuid bukti diserah bawasluri kesal
383,jaga barang buktinya masalahnya jujur bawasluri
384,kpuid sikap mu us buat salah untung arti kamu tunduk sama
385,menang mana tiap provinsi menang segera deklarasi
386,kpuid kalau gila susah ajar
387,update hasil hitung pemilu presiden ri tingkat
388,tuju maju us moga allah senantiasa lindung mudah urus bapak kpu
389,iya salfok sama ut haha
390,seru frustasi kalah
391,nyawa layang ujung curang kek gini iak pancasila
392,salah input situng kpu tanggal mei bu salah
393,tular damai ano nusantara dukung kerja kpu bawaslu ulama habaib tokoh
394,bpn lapor situng kpu bawaslu bpn aju tuntut situng kpu dihenti ang lalu banyak salah
395,manfaatnya dilakukn pihak jawab mungkin pihak
396,kpu curang abis
397,kpuid bajing politik
398,kpuid o gitu disebar tps c fotocopy data suaranya asli sedang c aspal
399,mirip kpu sama suka merubah sejarah salah input salah ngomong mudah segera sadar
400,kpuid server secanggih apapun ngaruh hasil hitung manual jenjang
401,kpuid moga benar segera ungkap aamiin allah
402,fadlizon tuju banget bapak kpu liat kalau curang kalau akhir bapak kalah ima
403,bawaslu tindaklanjuti lapor bpn prabowosandi soal situng kpu
404,sangat tuju kpu jangan invensi ulama gadungan bajing
405,gemblung ulama jangan diikuti jelas curang cara vulgar ditonton disaji kpu malah minta dicaya
406,tai human error kpuid human error buat menangin mukidi human error buat ngancurin bangsa
407,bagai wakil ketua dpr hari gini baru datang situng kpu
408,coba cek latar belag komisioner kpuid jangan kpu disusupi pki rakyat curiga
409,paling bisanya alas macam jurus ngeles kpu real count unggul input data
410,akhir tipi arab diwakili aljazera berita bentuk curang jadi pilpres gimana
411,audit forensik kpu
412,trus laku salah input situng kpu susah dilacak tolonglah cepat atasi ingat suara rakyat
413,kpuid rakyat dibuat repot akibat ketidak profesionalan kpuid
414,kpuid diatur atu patuh uu pret
415,it kpu media penampil bu penghitung beri kalah buat framing qc settingan angka sistem dikunci
416,baik sabar tunggu umum kpu mei henti klaim kemengan siapapun pilih presiden
417,milik akal sehat kata praktek curang dibalik salah input situng kpu penuh
418,wahai kpuri sadarkah engkau banyak tugas tinggal moga bu laknat allah buat
419,lapor kpuri cek malam situs situng kpu
420,makin aneh kpu
421,maya ngebet kepengen ketemu prabowo
422,kpuid malu manusia hehe
423,kpuid bertaubat kalau kau bu agama minimal malu
424,mungkin media kpu bawaslu satu anggota badan
425,kpu takut lapar
426,pola sama situng web kpu disusupi c palsu suara jokowi lonjak naik medan
427,kpuid sumpah ratus juta sen caya kpu yakin qc menang paslon
428,maaf usul
429,luar biasa hadiah milyar rupiah disedia siapa bukti minimal sen curang dilaku
430,samina wa atona mbah tunjuk jelang
431,lelah mas sama qc ima tawar konsep
432,bener lihat lacur politik kpu lawan akal sehat dukung curang nauzubillah dzalik
433,kalau salahnya us us ulang pola sama namanya curang kpuid hari gini
434,ko beda yah sama lapor kpu kemarin baik moga
435,kpu kitar salah input data dianggap bu tindak curang padahal tim bpn klaim hasil
436,kpuid ngeles
437,mulai buka suka nuduh gilir diminta data mu jelas bilang menang
438,stop situng ngaco kpu
439,prabowo mas sandiuno tetap semangat safari beri semangat ucap ima kasih dukung
440,bpn bawa temu salah input brutal situng kpu tinggi jateng
441,kpuid tahu berberapa pihak masuk liki c suai c kpps jawab prtanyaan sebut
442,kpuid salah input sengaja sama curang klo ngomong sengaja salah
443,ngomong curang dimulut siapa bukti curang bawa c dipegang masing paslon
444,ketemu kpu akhir papar tabiat kpu salah input
445,lho kamu kira allah punyamu sendiri makhluk cipta siapa astaghfirullah
446,input form c dilaku situng kpu beda hasilnya fakta suara tps input
447,ecek banget kerjanya
448,kpuid salah input bancak punya hati nurani laku amanah moga azab didunia segera aamiin
449,tuju kpu jelas
450,sangat kejut hari temu salah entry data jumlah oleh audit
451,diminta diskualifikasi capres setop real count kpu tunduk siapa
452,msapunya fadlizon kpuid bawasluri curang umum langsung menang
453,bosan temanya malam us bunya sedang ramai c palsu situng kpu
454,kpuid klo berani jurdil hebat
455,maaf caya pilih jadi anggota dpr
456,kpu smakin tolol miris
457,kpuid goblok presiden siapa asal
458,kpuid dulu pusing sendiri utak atik angka makar allah lebih hebat
459,konsistensi diamati mudah justifikasi suatu data kpuid adil level
460,kpu tug angon keong racun
461,situng kpu mungkin salah input benar
462,mata kpuid picek
463,bentur praktek curang sendiri bapak putus
464,kpuid berani jujur
465,bawa bukti bawaslu tim it bpn lapor salah input situng kpu
466,baru medan sumut jateng jatim bali lebih gila jateng
467,tanya hukumnya suka hendak allah suatu takdir
468,kpu nyata prabowo menang bengkulu caya kpu nyata jokowi menang pilpres caya kpu
469,siang kpuid update curang jam lampung kota metro barat l tps situng kpu
470,khusus didaerah dimenang paslon misalnya aceh sumbar relative curang imakasih kpu
471,sore kpuid tgl jam lapor jadi ubah suara jaktim cakung cakung timur tps situng kpu
472,guru besar ui prof rusli nyata komisi pilih umum kpu layak jadi hasil pemilu
473,kpuid jujur jadi ibadah kecuranganmu jadi azabmu
474,kpuid becus kerja tutup situng bodoh
475,salah input dilapor bpn semua rugi suara dibali salah input naik suara
476,tuju dihenti laku baik system manajemen hitung kpu maya audit dulu
477,kpuid curang massiv struktur brutal
478,bu curang jahat pidana kpu disusupi berapapun raih suara
479,anget cek tkp langsung c ditukar sinetron kpu
480,revisi jawa barat kota sukabumi lembursitu situmekar tps hasil pindai dihapus situng kpu
481,kpuid suruh bentuk tpf berani padahal curang masif mana aman
482,kpuid cuman kalian kerja banyak salahnya dodol
483,jk mahfud jadi tim prabowo tahun mungkinan serah kala
484,kpuid emang parah in baki kurang kerjaan dibasmi ganti presiden
485,ijtima ulama nilai jokowi curang kpu lapor bawaslu
486,habib rizieq minta situng dihenti kpu tolak dite
487,ang awal jujur dilihat tebar hoax hoax nenek digebuki
488,tugas kpps tinggal sakit
489,kpuid kpuri bawasluri paksa rakyat kawal suaranya sendiri wasit dicaya
490,kpu ri i santun keluarga kpps wafat
491,kacau situng kpu disusupi c palsu suara jokowi medan tambah
492,himbauan seluruh dukung tiap daerah resmi sidang pleno suara fokuslah
493,hasil pleno kpu pamekasan prabowosandi menang seluruh camat
494,kalian lihat data kpu gelembung suara daerah kalian segeralah ambil buktinya usut curang
495,kpuid kpu sampah kardus
496,hnurwahid evialfa kpuid kslahan input data revisidi baiki suai c
497,kpuid tunduk diem bantu curang go hell motherfucker moga jawab hisab puas allah
498,salah alas curang kesalan muncul ulang kali situng kpu salah input data
499,prof tular visa kpu
500,yaelah pake simpel udah keliatan jauh bedanya qc situng kpu keliatan
501,oke harga dukung mbaknya pakai akal sehat
502,visa kpu nular bela korting us
503,akun resmi kpuid online tweet akun buzzer hina kubu hina habib rizieq bu masalah
504,kpuid lagak lu tunduk sama siapap isi kepala curang melulu
505,kpu bawaslu bingung us jadi pemilu
506,post kali klo pemilu jangan daftar kpu daftar spbu minyak muka kau tu
507,coba tanya sby x rasa hasil kinerja kpu kpu jadi alat selenggara
508,pantau langsung proses situng sistem informasi hitung suara kpuid proses situng sering alam banyak salah
509,yth kpuid mohon dicek input suara tps ds larang utara larang kota tangerang banten form c
510,kpuid akibat hoaxnya surat suara kontainer c dimanipulasi surat suara
511,bu ahli it temen lulus luar negri bidang it satu kalimat komentar
512,situng bentuk opini hasil real count sama quick count bahaya
513,kpu tetap menang people power atasi air mata mungkin takdir akhir zaman
514,bawaslu lemari kpu bu server bawaslu suka bilang heker masup sistem
515,hasil pemilu ditentu tanya real count kpu lalu website kpu giring opini
516,kpuid kalau gaji hitung kpu juta
517,turut pakar it universitas airlangga soegianto soelistiono situng kpu lu dihenti
518,pilih kpu maksudnya punya hak pilih pimpin rakyat bu kpu
519,kpu tipu bohong jilat uang rakyat
520,muda beri rasa ima kasih masak tua malah jadi provokator kecam people power aliansi
521,hargai kerja waras kpu selalu benar mata menang kalah
522,tabok sampe lebam mana buktinya visum surat dok bap konpres bukti rezim
523,kalau salah input kpu dikoreksi ditemu salah input tutup ungkap mungkin
524,efek lalu bela kpu jadi salah input
525,kpu tegas situng bantu jadi alat kontrol bu hasil resmi ditetap kpuid jadi ndak usah
526,pengen lihat hebatnya situng kpu kata wakil ketua dpr zon
527,rekapitulasi kpu makassar jokowimaruf kalah sangkarrang
528,bpn prabowosandi lapor kpu lembaga survei bawaslu direktur hukum advokasi
529,moga jadi awal baik bongkar siluman system it kpu
530,awasi us situng kpu jangan rampok keliar
531,kpuid siapa pilih baik buat negara hendak allah maya
532,iya bongkar it bu gedung kpu daerah jauh
533,qc meleset paling selisih kalau ilmu meyakinin masalah
534,hasil hitung suara pilpres diunggah kpu ri lalu sistem informasi hitung
535,ketua kpu tinggal tiba tiba duga diracun kpps ratus lebih tinggal sungguh aneh prihatin
536,innalillahi nambah dosa kpuid
537,kpuid bawasluri nyata salah input bu salah curang
538,jumlah tps salah input data kpu data koreksi salah input beberapa signifi paslon mas
539,kpuid betul presiden receh
540,kpuid tai bajing main suara rakyat triliun habis buat pemilu kalian
541,kpuid kpu rasa cebong
542,bpn prabowo lapor situng kpu bawaslu
543,kpuid lalu gebukin massa mikir maling suara rakyat
544,kpuid sakit bangsa jujur musnah
545,kpuid cara pakar it unair soegiono soelistiono temu salah lebih canggih sayang fb
546,sejak data masuk suara hingga sekarang data masuk angka suara vs ubah selalu
547,kecil selisih selisih sampe kondisi kpu carut marut begini
548,kpuid bu salah input udah kriminal palsu dokumen negara lembaga kalau udah
549,kpuid bawasluri cik api kecil kalau banyak jadi besar
550,serah ima dokumen hasil rekapitulasi suara pemilu kota lubuklinggau sekertariat kpu sumsel jumat
551,kpuid c dipindai suai hasil kpps sama kpu ri dirubah jadi c palsu
552,teganya hadap juang tps kpu bawaslu dasar malu
553,kpuid betul banget
554,rakyat rindu siden tegas amanah
555,tangkap dong ketua kpuid paling bertanggung jawab bawasluri ulah wae
556,janggal formulir c sistem informasi hitung suara situng kpu jadi tps celawan pantai cermin serdan
557,lepas pemilu kalian kpuid paling dicari
558,kali kalau pemilu males ajak kalian kpuid seh bu salah input scanernya bermasalah sama otaknya
559,saran kpuid bawasluri buatlah hitung suara berbasis c buka propinsi proses pe
560,augustaiman aguscipto suburbur guecebongs turut ima kalah nuduh kpu mainka
561,kpu tunduk undang undang
562,kpuid bohbrok politik indonesia ckckck
563,powerofreceh bawasluri kpuid brutal
564,kpuid bawasluri mei bayang mei salah situng segala curang
565,antaranews iyalah introsfeksi dong krn alas masuk akal ang curang hrs dibukti sika
566,detikcom sangat harga jasa tugas tps kpu bawaslu
567,yokoersa lyamadinaadilla hahaa kpulah kwalitas kpu salah input melulu anehnya salah in
568,rekapitulasi kpu banjarbaru jokowimaruf tinggal suara
569,detikcom banyaknya tugas tinggal salah satu sistem sdh dirubah se
570,cebong kotor temlen mending ditulis bener skrg sy tanya input situng kpu s
571,jonathan matanajwa ea betul dukung selalu iak curangsea udh gk prcya kpuamp baeaslu hadeh main hakim sendri hihihihi
572,amin minta audit forensik kpu jawab hasil pemilu ditentu it klo gitu ngapain pake real count kpu s
573,mainmain bawa bukti salah hitung kpu tim it bpn datangi bawaslu
574,bpn lapor ribu salah data situng kpu
575,cek pukul c suara situng kpu jadi ganti untung
576,besok sy beber data salah satu tim bpnrelawanpendukung prabowo katanya temu salah situng kpuid amp simpu
577,alanborut kpuid menang telak jawa barat jawa timur dki banten aceh padang
578,entah maksud tofa kawannya lempar tuduh pemilu curang dasar temu keliru input situng padahal
579,bertemanm rasm hati banyak alih isufokus kinerja kpu lengah dikit tewas
580,gunromli kpuid mmprosesnya suai hukum sop kpuea proses benalu
581,antaranews kpu kalian gila buta budeg yayang edar fakta bu opini
582,hnurwahid semua akun soegianto dibaned siapa laku jlas panik tp banyak lg pakar it y
583,kpu kira koreksi banding hasilnya dgn punya tni malah pura gk beri
584,sdh spt kpuid salah input turut c sby presiden ri diinput pud
585,guru besar ui kpu layak jadi hasil pemilu
586,kpuid masabudiman masws viryanazis hsymasyari novidaevi pramonoutan ksetyawan yakin
587,prof sby bunya presiden akibat deket deket kpu
588,masabudiman ingat berita media kompas desember kata salah sedikit pemilu disebut g
589,yokoersa lyamadinaadilla ngapain nunggu mk segala lebih baik sdh tahu skrng kpu seger
590,upaya hilang saksi c ditingkat tps cara masif akibat mubahala gus nur doa hrs pd pet
591,sy usul hitung real count kpuid harusnya mulai satu satu daerah provinsidn live siar sel
592,lapor salah input situng kpu relawan it bpn desak bawaslu henti situng kpu temu sen salah
593,hargai kerja waras eh kerja keras kpu selalu sama dg fakta lapang
594,fadlizon kpuid pksejaha ijin tanya ndan pagi angka ditampilan web kpu klop dihitung manu
595,situng kpu dinilai tambah kacau brutal
596,bpn serah dokumen duga curang sistem hitung it kpu situng bawaslu kini bpn balik menan
597,kpuid bagus banyak cakap
598,kpu blh netap jokowi menang pemilujokowi jd presiden serah tp salah rakyat marah
599,benar nasihat gaul dgn tug minyak wangi wangi gaul kpu yah kyk g
600,onnowpurbo kpuid aamiin yra moga kpuid jujur berani tunjuk benar
601,putrabanten janenur akibat hoaxnya surat suara kontainerada c dimanipulasisurat suara o
602,rickydp adets mubarokadonis salah hitung gw peduli sampah komen bila
603,kpuid kpuid emang undanganundang siapa jangan jadi otak otak udang dong anggota kpuid
604,beda sama c asli bisanya kpuid menginput c salah gimana awas cc
605,dihadiri mbah moen said aqil ulama ajak umat islam serah hasil pemilu kpu
606,zesukma vtannnd cabulrizik kpuid rieziq ituapa sumbangsih rieziq hadap utuh nkri
607,atur kpu kait tetap presiden pilih digugat ma
608,salah input suara disengaja anggota kpu ancam penjara
609,lisaamartatara kpuid moga jadi titik baik utk nasehat nasihat jujur kunci
610,seneng ket kpu c arif budimanyg tiada arifnya dlm hidupnyaakhlak suai na
611,masbrewk sriyunitazizah kpuid lawan zalim
612,powerofreceh bangpino akibat hoaxnya surat suara kontainerada c dimanipulasisurat suara ot
613,romi kasih selamat kpu warta ekonomi
614,tsamaradki kpuid akun kw lebih orisinil ori
615,helmifelis zarazettirazr kpuid iya padahal ramadhan justru setan dibelenggu jadi manusia ma
616,republikaonline system error human error manajemen error kpu error dibukti maya audit jangan ditolak
617,kompasiana penting awasi kpu soal pindah ibukota diurus
618,prof ente uda kena visa input data kpu korupsi angka presiden ente tulis uda koplak
619,fadlizon post rasa anggota koalisi tetap tunggu hasil kpu ambisi banget jatuh kpu
620,geser kotak suara kawal polsek medan baru kpu kota medan
621,imayadewi spiondungu kpuid uang dibalik pilih ket kpu
622,kpuid bawasluri fahrihamzah curang kpu dosa nuduh curang dosa dong
623,kpuid us juang bapak tdk usah hirau stres berat
624,ireneviena kpuid menang telak jawa barat jawa timur dki banten aceh padang
625,hnurwahid maspolo kpuid berapa ribu lembar c palsu hnurwahid buatlah rakyat cerdas data n angka jang
626,diiksa kpk ucap selamat untukkpu
627,sukabumi jawa barat alhamdulillah lebih utk hasil pleno kpu atas rekapitulasi pilpres tingkat
628,thewarman jokowi prabowo negara namanya hukum laku benar jadi curang milik
629,anak kelas bobol situs kpu pemilu hoax hatihati jadi sebut tahun we
630,oppositelinks kpuid bawasluri monggo bukti
631,fadlizon bang fadlizon fahrihamzah tim bpn awas ttg situng kpu mohon dikuat pasuk sak
632,moga kawan sejuangan baik baik hasil bongkar masalah bocor server kpu hi
633,ulama kota madiun apresiasi kpu pemilu damai detiknews
634,kpuid bingung bagaimana caranya tahan curang
635,tolak narasi curang
636,abotan bekas warnet skrg disimpan tor kpu dgn bangga tunjuk abotan rasa malu dgn uang
637,mikir mlambat gimana mubahalah diganti sama maafan curang so
638,dahsyat tim it prabowo lapor salah input bawaslu buktibukti tunjuk kpuid tindak sang
639,pemilu paling buruk panjang sejarah bu titieksoeharto tegas pemilu l
640,dhanihendy kpuid bawasluri kawalpemilu onnowpurbo sandiuno prabowo goblok
641,kpuid tarik undang undang mana moga bu undang uang uang undang undang uang uang u
642,salah sistem situng kpu lu tindak pidana la
643,zarafaul nsusan libra kpuid wr fagtng bangzul sarpakenaka pantunjp ariantobulolo dasar
644,gelar ikrar sama syukur warga jakut ajak semua hormatikpu
645,bocahndablex soepono hnurwahid kpuid klo dikasi foto dibilang ibadah pamerin bener suci
646,situng kpu disusupi c palsu suara jokowi medan naik tambah karaknya palsu zalim arogan korup ingkar
647,vivacoid ancene ancik gatel gae kisroh wong jatim ae menang kalah opo jare kpu usah cocotmu ngablak ae
648,widhisetyok tsamaradki kpuid akun asli tsamaradki bu tsamaradki
649,hamdanijuni ustadtengkuzul ngebet boneka pengen menang kpu ngeluarin putus
650,tular sakit genetik kpuid nehpenyakit salah inputcebongers forever
651,tsamaradki kpuid awal hancur kpu
652,anizhomt orangberiman kpuid uda kena visa input data kpu korup angka
653,kpuid tunduk sama sogok bukti kerja benar curang tinggal pilih azab kalian
654,katanya menang minta c kpu
655,mehmedii ratuanissah roosb kpuid benar mas kepikiran gmn ceritanya c palsu lolos masuk situng kpu
656,asdwin ronnierusli zarazettirazr dahnilanzar lisaamartatara mana nich bela narkosun yusufdumdum
657,mudahan ahli dulu prakarsa juang pemilu rentak sadar betapa berat sistim pemilu
658,zulkifllubis priyobudis kpuid bener jg
659,akuntofa kpuid sedikit bocor
660,ustadtengkuzul kabar angin dipegang klo jelas tunggu tanggal mei dibukti paslon dg
661,kpuid caya lgi smaa kpubyak omongmulai kardus anti airkuat katay dluhadehskrg dblg hum
662,lihat hasil real count kpuid sangat amburadul cenderung netral coba poling siapa presiden real
663,orangberiman kpuid nanya jadi salah input sama curang hubung us bukti
664,bocahndablex soepono hnurwahid kpuid ejek buat gubernur tug pototng pita msh sadar sindir
665,duh gmna bpk ikutn kpu human error sby presiden
666,ruang situng kpu jorok cermin amburadul hasilnya jauh dibanding kerapihan warnet
667,fadlizon bang fadlizon fahrihamzah tim bpn awas ttg situng kpu mohon dikuat pa
668,prabu menang telak jawa barat jawa timur dki banten aceh padang ntb
669,selamat pagi jokowi kpuid prabowo sandiuno
670,harusnya seru pilpres jangan curang kpu jujur bahaya imialisme cina lewat obor jerat ut
671,kpuid masabudiman viryanazis masws novidaevi hsymasyari pramonoutan ksetyawan kerja bener ja
672,baguswisnuputra sabdapanditai relawanprosandi bawasluri kpuid curiga hoax muya tampak
673,like chili you should probably hit this langley event saturday andor sunday
674,muna sulawesi tenggara hasil pleno kpu kabupaten muna sultra suara sah
675,kpu depok salah input suara jokowi ditulis viva
676,akuntofa innalillahiwainnahillahirojiun pemilu buruk pasca diri nkri ketua kpu
677,vivacoid tuduh hadap kpu sangat kacau brutal judul preeet
678,annasuezann syifaznisa gw malah mikirnya yah buat juang mati lahan dgn bentur ses
679,abiyyu cakkhum kpuid bangpino putrabanten maulanatigor mbahuyok tanda takut tahu salah
680,imayadewi kpuid salah mungkin komplot
681,bocahndablex soepono hnurwahid kpuid baliho provokasi kampretotak kebalik
682,alhamdulillah bukti curang pemilu presiden dilapor bawaslu mas mustofa na
683,tspartan herrymety akuntofa bawasluri partaisocmed dkppri dkppri kpuid jimlyas jangan ba mas
684,imayadewi kpuid jangan lupa anggota dpr didlmnya milik suara mayoritas dikubu siapa sama ha
685,kapan kpuri us bodohi rakyat
686,bocahndablex soepono hnurwahid kpuid tanya duluan data mana klaim menang emang jago ngaran
687,prof romli maklumat rizieq shihab duduki kpu tindak pidana
688,sapulidi riazahro kpuid tuju
689,hasbunallah wanimal wakil nimal maula wanimanasir lahawla wala quata illa billa ingat wahai pimpin amp kpuid bah
690,doncorleone kpuid banyak suara dicoblos setan siapa mesti selesai
691,hnurwahid padahal bunya foto c jg kpuid byk org bilang ratus korban panitia tinggal adlh
692,tetap transparan kpu tolak hentisitung
693,jahat curang pemilu mana hitung tetap lanjut kpu pusat jahat angin la
694,tanyoana kena visa kpu hilang angka
695,tunjuk jelang ramadhan menang bangsa indonesia insyaallah pe
696,info digedung kpu ibarat ima semua database situng dikirim daerah depan
697,tugas kpu prof salah input us gile loe ndro
698,ferrykoto prabowo kpuid curang jadi dirugi salah satu paslon kalau semua paslon j
699,tindaklanjuti lapor bpn bawaslu sidang salah input data kpu
700,revolusi jargon reformasi nurunin korban tinggal berapa pemilu t selenggara kpuid korba
701,kpu independen pihak siapapun jokowi jokowi
702,joked susan janji jun langsung kampanye malah nulis politik identitas bu bantu bon
703,detikcom lu akuntofa tofalemontofa ngributin situng kerjaan cerdas krn banyak apapun curang
704,kpu curangsurat suara coblossiapa yng untung
705,kpuid muak dg basa basi kaliankpuid
706,bawaslu bali temu lebih ribu surat panggil pilih c buleleng bali dikirim kpu buleleng bali
707,mardani pks anggap situng kpu sunah wajibnya rekapitulasi manual
708,duga syahganda situng kpu sengaja dibuat rentan manipulasi
709,reno bawasluri kpuid msaiddidu mantap moga informasi benar
710,doncorleone kpuid edan bu malu malu soal etika hukum lolos dipengadil
711,akuntofa kpu maling
712,massyihaab jamrsn ustadtengkuzul masuk akal gamenang telak kalah tipis provinsi lainnyasdh je
713,data udh masuk spt dipasti jokowi abah khmarufamin jadi presiden amp wapres utk thn menda
714,saifulghani maap g tadi twit dibajak hacker kpu
715,lu ketemu jokowi situasi sedang masa kambang temu jokowi apapun isi temu te
716,minta bukti emang kpu lihat curang didepan mata bawa semua bukti ra
717,rohmatsyukur evalezfr bawasluri kpuid msaiddidu akun beliau lenyap dilenyap
718,abdulrachim kpuid kpu gk netral kaya wasit sepak bola ngebolin tanyaanya kalau turut kalian
719,team ite kpu lupa edit dn merubah data suara sistim hitung cepat tgl april pukulwib
720,kpuid masabudiman masws viryanazis hsymasyari novidaevi pramonoutan ksetyawan gentle dong salah da
721,saksi ikut semua tahap rekapitulasi proses langsung jurdil tolak tanda tangan hasilnya kar
722,msaiddidu bapak tanya kpu tdk dicaya rakyat minta bubar dpr
723,katanya kpuid dite nyatanya entri data dibuat salah ditambah amp dikurangi jadi dite unt
724,tiap warga negara hak atas bebas berpendapat prabowo lu me
725,detikcom situng kpu stop ganti real count bpn live warnet warnet
726,cnnindonesia kpu bawaslupunya niat baik bangsa negara nkri inimubahalah disambutdimana hatimu
727,divhumaspolri kpuid bawasluri polisi jaman now warasyg buat jahat dilindungi sebar d
728,zarafaul nsusan libra kpuid wr fagtng bangzul sarpakenaka pantunjp ariantobulolo takut
729,kpu gelar rapat pleno rekapitulasi suara pemilu tingkat kabupaten bengkalis
730,liemid tangkap ka kpu
731,kingpurwa sungai penuh kerinci jambi
732,hari lapor salah input tps karangasem kokbelum dikoreksi kpu
733,zarafaul nsusan libra kpuid wr fagtng bangzul sarpakenaka pantunjp ariantobulolo hati
734,bpn prabowosandi lapor kpu lembaga survei bawaslu
735,dagang pasar induk cibitung jawa barat gelar tasyakur calon presidenwakil presiden joko widodo kh
736,tinggal hari tuju umum kpu jokowi tetap pimpin suara angka
737,ferdinand hutahaean baik kpu setop tayang hitung situng
738,abdrossid hnurwahid kpuid kursi sekarang kurang empuk
739,priyobudis zarazettirazr aldyrl selalu koar koar paling pancasilais bangsat benalunya bangsa
740,msaiddidu ilctv karniilyas adil rakyat bs hancur bom besar binasa negeri
741,rmolco mulai buka suka nuduh gilir diminta data mumu jelas bilang
742,lisaamartatara kpuid yakinn diri doa insyaallah tuhan moga meridhoi sadar
743,bener fadlizon fahrihamzah sekarang kpuid udah bu salah input malah ikut corat coret bah
744,twit rame facebuuk rame lapngan kampanye rame massa kpu banyak suara
745,dpalugada yarham fadlizon curang bu ditangani mk bawaslu kpu
746,kingpurwa bangpino cakkhum putrabanten alhamdulillahdi kabupaten kerinci jambiprabowo sandi menang
747,ferrykoto prabowo kpuid huahahasi ferukontol banyak cakapnya koar kyk pantek ayam padahal jelas
748,data kemenkeuri biaya pemilu sktr rp t biaya pemilu sktr rp t pemilu rentak hemat angg
749,rizmawidiono kpuid mantap diinvensi tegas maju us
750,wgenial impambudi fattuh ngomong kpu fakta tunjuk nyalon presiden x langsung jadi y
751,nich dok survey n ahli it itb lapor duga curang lembaga survei n situng kpuri bawaslur
752,pleno kpu suara caleg pks tinggi kadia
753,tutup situng komisioner kpu dijerat pidana
754,kyozie guru besar ui prof rusli nyata komisi pilih umum kpu ti
755,lukah dibentuk badan akreditasi kpu lu kontrol sistem kerja mesin hitung kpu cara kala
756,msaiddidu desioon kpuid tdk nah berfikir jauh sangka rakyat cara rentak mengam
757,msaiddidu ilctv karniilyas malah jawab lama sedang jadi kpu curang prabowo menang
758,anggorosabdo clethuk emangnya riziek jabatannyakok hebat henti proses hitung kpu dilindungi uu
759,titojalu nagaulung dahnilanzar lustrilanang swulll relawanprosandi kpuid tentu langsung menang
760,greenblack masabudiman kpuid udah dihapus sama adminnya tetep jejak digital sulit dihilang
761,hnurwahid kpuid lapor polisi palsu begini
762,kpuid tunduk sering salah input
763,marakupberasa ammanahmu ustadtengkuzul mksud ammanahmu klo menang kpubawasluamptkn curang tp klo menang krn takdir
764,powerofreceh begini kpu pengen dipuji pemilu jurdil
765,nyata admin kpuid sekeren admin bkngoid serius hehehehe suruh nampilin udh d benerin mana d
766,tatapuri or bodoh ulang salah arti kpu bodoh curang moga semua or kpu curang k
767,detikcom detikinet moga suhero avengers kawal kpu jurdil
768,datangi kpu zon cek langsung hitung suara situng
769,detikcom lalu fanatik begini nihblm sdh ngakujgn malu pd umum kpu tdk suai harap
770,hnurwahid kpuid benar benar hunan error kejar order
771,korantempo kalau kelompoknya menang kpu hebatekrjanya bagus kali kalau kelompoknya kalah lihat
772,kpuid preeettttunggulah azab timpa kluargamu kpu curang
773,kpuid masabudiman masws viryanazis hsymasyari novidaevi pramonoutan ksetyawan kerja bener
774,efek situng kpu jumlah suara dukung dikurangi sby presiden
775,tanda sakit hati menang hasil rekapitulasi kpu ponorogo paslon jokowimaruf
776,abiyyu bangpino kpuid cakkhum zarazettirazr putrabanten maulanatigor lisaamartatara kendali y
777,kpuid masabudiman viryanazis masws novidaevi hsymasyari pramonoutan ksetyawan jangan buta tuli
778,saksi prabowosandi tanda tangan berita acara hsl rekapitulasi kpu kota blitar padahal temu
779,begini ruang situng kpu anggota bawaslu iksa wahai anggota bawaslu pantaskah ruang situng dgn biaya
780,vivacoid makin stabil suara caprescawapres makin kejang pihak kalah kpu selalu salah mata kalah
781,kpuid jokowi kroni moga allah laknat kalian dunia akhirat allah kalian lampau batas
782,abiyyu msaiddidu kpuid cakkhum zarazettirazr putrabanten maulanatigor lisaamartatara rata merek
783,adenromeo gardaindonews nasib bangsa tangan kpuid
784,update jelang pagi data masuk selisih suara jtan moga wiken lancar senang
785,kesalahaninputdata baik malah makin bertambahtambah kesalahanya situng kpu dinilai tambah kacau bru
786,doncorleone kpuid salah cayaini banyak salah
787,demo relawan prabowosandi kpu kota bogor janji hitung suara jujur buka
788,charlespambers kpu bayar asuransi kpu rangkap usaha asuransi kpu koalisi tipu umat asuransi pulih kpu
789,msaiddidu hdrabdurrahman kpu ilc mudh kali kayaknya rezim
790,maulana ireneviena kpuid kalau kpu netral moga semua libat curang azab pedih
791,ngotot salah input data pemilu modus salah input data
792,ayolah kpuid fadlizon jokowi buat klarifikasi investigasi menanglah jujur cc fahrihamzah
793,detikcom cara tdk langsung skrg mardani caya kpu bu hasil innal koalisinya jd politisi hrs pegang kom
794,campusteast jokowi bakal menang kalau curang maya curang manana sama kpuid c
795,berita menang bagai daerah banyak diberita refleksi situng kpu aneh
796,cnnindonesia coba berani penting
797,hukumdan kpuid bangsat
798,mdualet fadlizon post kpu anggotax jg manusia bs salahsystemx dlu hrs dibaiki br dilanjut shg data disaji bensr real
799,sekedar usul saran kpu msh curang bagaimana kalau kpu ganti sama anak kecil karna
800,pidana hanyalah sebatas defenisi implementasi jadi suatu buat pidana adlh lalu bukti tp faktanya pidan
801,pilkada amp pemilu dtg kpuid bawasluri dkppri buat uu upload wajib scan c asli sdh ta
802,doradong officialpan partaidemokrat mulai ancang buat tinggal prabowo akibat panitia gnp
803,msaiddidu rakyat us kawal awas curang ahirnya kpuid tetap mbalelo nekat menang pe
804,fadlizon databg kpu trus bang tenang bang pastik ente lolos jadi calek bang uangnya udah abis bany
805,ronnierusli sasongko kpkri kpuid bongkar us keboronya
806,bpn prabowosandi lapor kpu lembaga survei bawaslu direktur hukum advokasi
807,kpuid masabudiman masws viryanazis hsymasyari novidaevi pramonoutan ksetyawan ci palsu bagaimana kpuid
808,partisipasi pilih empuan banjarbaru lebih lakilaki
809,mbah moen harap real count kpu ramadhan jalan aman
810,modus baru lalu tps menang dgn suara tanda tangan semua saksi sampe kpu c beda s
811,fadlizon kpuid nyinyir depan ketua kpu gk disosmed koar gk jelas
812,mardani pks anggap situng kpu sunah wajibnya rekapitulasimanual
813,situng kpu bnyk disusupi c palsu selalu untung ampmerugi alas jadi salah dlm input c hologr
814,arwidodo suro lalimoco kpuid kpuid mendiskualifikasi siapa sendiri curangnya malah brutal
815,demo kpu jabar mahasiswa unpad pemilu gagal
816,ikut kpu ne salah input keseringan maen sma kpu seh jadinya salah input
817,imayadewi komisionerkpu kpuid maya klo pemilu jng fokus ama pilpresnya calegnya jg hati
818,sbsinews guru besar hukum pidana universitas padjadjaran unpad prof romli atmasasmita kata tuduh curan
819,timses capres tolak hasil rekapitulasi kpu kabupatennganjuk
820,minta maaf kpu nias selatan atas salah input suara suara mnyelesai masalah kesa
821,priyobudis hnurwahid kpuid disini curang tiga intah sendiri lalu hukum
822,newzepret kpuid bawasluri tolak pemilu curang
823,ismantengku prabowo sandiuno kpuid bawasluri kalau liat bgt cpt masivenya entry data salah it kpu angka
824,kpuid guru tdk butuh ucap cm butuh contoh jujur kpu
825,said aqil jaga damai caya kpu
826,tsamaradki kpuid tuju menang indonesia
827,kpuid rasa tunduk sma undang
828,ustadtengkuzul kga masuk akal lahkpu aj lu diiksa
829,cnnindonesia maksud cucu iblis nantang kpu bawaslu tkn sumpah mubahalah nuduh curang lgi ngaku ny
830,pidana hanyalah sebatas defenisi implementasi jadi suatu buat pidana adlh lalu bukti tp faktan
831,putraerlangga kpu jangan curangi
832,rmolco fadlizon jawab tanya sama kpuid masa tanya sama
833,breakingnews baru info teman intelijen mas mind konspirasi menipulasi hasil pilpres
834,cara paling efektif patah konspirasi jahat demokrasi dilaku jokowi rakyat kawal total rekapitu
835,bagaimana hari salah data inputan situng kpu sdh capai
836,baru jadi balikpapan ketua kpu disumpah pakai alquran bukti laku jujur adil
837,brekingnews jahat sempurna kpu anggap bengkulu jumlah suara kecil jadi entry prabowo menang
838,baru jadi balikpapan ketua kpu disumpah pakai alquran bukti laku jujur a
839,korlap ngodek jangan lgbt temenya rockygerung beginilah cara bodoh dukung prabowo saking ing
840,jakarta ibukota negara katanya dipindah jaring fast net nomor lambat beud inputnya tps dki bl
841,kpuid masabudiman masws viryanazis hsymasyari novidaevi pramonoutan ksetyawan angya sj ngawur apalgi grafiknya
842,negaraku hancur lebur palsu c masuk tanda tangan palsu sebuah jahat kasus c tps gerun
843,alhamdulillah hasil relawan it prabowosandi diserah ditemu salah dlm penginputan data o
844,berita baru hasil real count kpu pilpres jokowi vs prabowo sabtu p
845,militan punya media militan punya akal sehat buat mantengin situng kpuid jam
846,intah justru jadi produsen hoax paling sempurna punya segala dikata curang
847,kpuid yu tunduk uu mk lapor tugas kpu salah input apapun pidana masalah salah
848,beda c web pantau dgn c  mei sore berub
849,kpuid berita anak beri beres sistem website kpuid
850,detikcom situng kpu hasil c disaksi saksi kalah pahit dewasa hadap
851,tunggu masanya kpu hadap kpk
852,nyata kpu salah input malaysia suara jokowi ditulis
853,kenyoriee kpuid baru panas mungkin lebih besar diseluruh nusantara stlh umum pilpres
854,kpu kumpulnya pendunguan umum kumpul dungu ketuanya
855,kpuid semua form pindai c utk tps kelbaipajung tanah merah bangkalan jatim tdk valid tps b
856,syamunghazi peyboy dianya nyasar beri parah kpu nyasar tahu
857,thearieair makin banyak data masuk makin lebar jarak menang jokowi hadap prabowo inilah ditakuti ulama su
858,cnnindonesia kpu lembaga negara rakyat caya padamu
859,romiemocka detikcom trus untungnya gitu mas nunjukin metodo hasil pihak lawan mk lebih
860,doncorleone kpuid ang mendisain umat balas brutal alas tentara mera
861,nyazizalsaggaf jokowi mas agus ajak preskompres bahas korban kpu jadi diabj
862,kpu jujur akur kpu curang berang sebuah spanduk surabaya
863,ijtima ulama desak kpu diskualifikasi jokowi tkn kalap
864,gemblung ulama suu diikuti jelas curang scra vulgar ditonton disaji kpu malah minta
865,powerofreceh zarazettirazr bawasluri kpuid relawan jokowi pura gila
866,cnnindonesia salah pihak iksa dirimu dulu sdh benar hadapi realitas sekalipun pa
867,hingga jumat malam kpu tugas kpps wafat total sakit gtgtgtgtgt
868,fadlizon kalah semua hasil kuik kuik kon legal n real kon kpugak nh ngaku kalah padahl nh kalah berkali kali
869,dungu jadi pimpin negeri mungkin kpu laku bodoh bodoh
870,msapunya kpuid bawasluri stres relawan jadi patok
871,dhanihendy kpuid bawasluri kawalpemilu onnowpurbo sandiuno prabowo pemilu berbiaya mahal telan
872,jangan tugas kpu bantu tik wkwkwkwkwk
873,mpicommunity presidenbkuasa kpuid tul kalau undang undang msh fungsi sdh benjara bahlul
874,andai unggul seminggu udah data clear masuk karna unggul data masuk dilambat
875,tunggu masanya kpu hadap kpk
876,cnnindonesia data salah input caya kpuyang salah pidanakami caya ijtima ulama lll
877,reno kpuid kpuri bawaslu pihak kpuid sedang laku bodoh penggiringan opini publiktapi rakya
878,hnurwahid kpuid dukung pantau curang allah swt balas upaya dlm tegak jujur aamiin x
879,mbakyuevin zarazettirazr kpuid iya ratus istrisuami hilang pasang hidupnya ratus anak hilang org
880,abdulrachim kpuid ribu lebih tps bagaimana kalau semua dipalsu c luput didokumenta
881,tolak belag dngn nyata nyata tunduk kpu mulai ngibul ingat azab allah kalau k
882,cnnindonesia klo jalan pikir sesat suruh henti temu diinformasi kpu utk revisi se
883,lapor salah input situng kpu relawan it bpn desak bawaslu henti situng kpu
884,ratus kpps gugur merc jangan kambing hitam lelah kpuid bawasluri
885,transparan usai kemarin ajak sekretaris parpol dukung paslon tinjau server kpu hari jumat kpu men
886,akuntofa kalau curang dikonfermasi sama cek and ricek sepengetahuan sy kpu sdh kerja transparan jurdil netral
887,detikcom kt banyak te gk kebalik justru sering ne kpu zonk
888,gungung titusekowibowo detikcom kpuid fadlizon kerja anggota dpr jauh beda sama linma
889,zorrord harryindah annasuezann kpuid jangan blok guna latih sabar kadang komen kelew
890,fadlizon kpuid harusnya lgsg ditembak tempat tpstps salah input c c valid
891,kpuid kalau tunduk undang dak ribut masyarakat nihstop curang kpu
892,ponirahmujahid fadlizon lama jdi curiga jga y mlihat tingkah aneh bpn n relawan balik keraha
893,zon lihat langsung cara kerja situng kpuri
894,kpuid masabudiman novidaevi pramonoutan viryanazis hsymasyari masws ksetyawan bukalah mata hati an
895,siapakita reftywf kpuid ngerti langsung arah lawan bicara so
896,cnnindonesia tetap fokus awasi kpu
897,urus golkar sidrap laku anjangsana serah bantu panti asuh aisyiah
898,salah input situng kpu jokowimaruf ditulis suara
899,thearieair makin banyak data masuk makin lebar jarak menang jokowi hadap prabowo inilah ditakut
900,vivacoid gelar pantas buat kpuid sekarang
901,input data dibilang it haha
902,vintenas aimarnst sabtu mei jam total data input data nasional tidik cocok data grafik
903,semestalink garuda kpu ora wani mk ora wani paruh rakyat wani
904,tsamaradki munawarali kpuid kusangka tsamara rupa tsamara akal sehat
905,siapakita reftywf kpuid sy ajar sana sini om sy dapet justru org auto dungu bi
906,selamat kpu laksana pemilu luber jurdil
907,akibat lacur intelektual sby presiden habibibbu presiden gusdur bu
908,kpu salah entry data tdk hny timpa tp jadi emang betul tp salah entry data timpa
909,kpu rilis jumlah tugas kpps tinggal dunia sakit
910,fadlizon prabowo fadlizon prabowo modus baru tps menang dgn suara tanda tangan semua s
911,the most serious allegation of electoral fraud so far jenni retno claims itb specialists identified intruder feed
912,sinetron pesugihan pakai tumbal nyat kotak kardus kpu tumbalnya lebih banyak kardus angker
913,kpuid masabudiman masws viryanazis hsymasyari novidaevi pramonoutan ksetyawan kpuid kerja be
914,restcayah nyata visa situng kpu mulai kerja
915,detikcom mulai rasa kpu punya setingan dgn kubu
916,kpuid masabudiman masws viryanazis hsymasyari novidaevi pramonoutan ksetyawan lebih banyak
917,engkau prabowo sandiuno menjdi pimpin negri hormat penjara
918,rmolco laskarsurajaya bawaslugakkumdupolisijaksahakimklo emang indikasi bukti komisioner kpu
919,romeodelta oppositelinks kpuid bawasluri iya maju trus nyebur kolam
920,kpu salah data bantah kalau berani
921,pacitan utk jatim hasil pleno kpu pacitan suara sah 
922,tsamaradki kpuid salah input human eror
923,hormat prabowo bang sandiuno jngan kwatir kpuid menang engkau
924,msaiddidu ilctv karniilyas libur dilibur soalnya versi kpuid kali tayang hari kelia
925,kpu tunduk uu benarkah pdhl bilang mslh bilang mslh artinya curang kesalah
926,detikcom smpai bpn us rahasia hitung suara patut curigai rncana trtentu dgn kpu
927,hormat kpuid tolonglah berprilaku baik jujur adil sekrg pantau kalian bu satu
928,angelone wsanzulanda kpuid rampok suara rakyat
929,akses masuk ruang server kpu dibatasi
930,tuhan tugas kpps tewas sakit indonesia pesta demokrasi bencana naik ta
931,akibat visa kpu jangkit nalar berefek selalu salah hitung dahsyat pengaruh visa
932,viryanazis kpuri fadlizon zonk tetap paham gomik
933,wrunturambi zokowiek kpuid kerjanya nyurangin suara rakyat ngisep darah rakyat bajing
934,fahrihamzah patut disalah anggota dprri sah uu pemilu ttg pemilu rentak haru
935,fadlizon tonton bodoh caleg meisme atur sendiri ikut buatny
936,unkwonmouse kpuid lihat lempem mahasiswa tahun akhir kritis intah aneh
937,vivacoid gatotgeneral situng brutal kurang ajar rakyat dosa banyak meninggaltapi ko
938,cipta kondisi seolaholah kpu curang
939,hasil pleno kpu mulai direkap lets see buat banding versi pleno kpu versi situng kpu vers
940,selamat kpu laksana pemilu jurdil
941,katanya dasar exit poll rahasia milik kalian kalian menang prabowo empat kali sujud syukur ny
942,lantas siapa bertanggung jawab atas tinggal sebut berani kata pemilu sukses
943,emang bu dek kpuid it kpu habis banyak duit rakyat sampe banyak kejanggalandi it kpu tsb
944,video kpu salah input data koreksi dilaku
945,palsu c masuk tanda tangan palsu sebuah jahat kasus c tps gerung utara gerung
946,kpuid pemilu kalian curang
947,republikaonline eror salah ko us us maya petuga entri data kpu kerja profesional dong ka
948,ngowatchindo minta jadi batu katanya kalau kpu curang kabul
949,kejar target rapat pleno kpu dibagi jadi panel cianjurekspres
950,kpuid masabudiman masws viryanazis hsymasyari novidaevi pramonoutan ksetyawan kalian sakit jiwa
951,mbah moen harap real count kpu ramadhan jalan aman tunjuk jelang ram
952,gowa maccini baji tps sah tdk sah sah tdk sah maklumi kpu manusia
953,kpuid kamu sadar sihdg jadi ribu salah input penginputan tdk imbang semua daerahy
954,iqrozen akuntofa kpuid seneng jokowi kalau salah input banyak nguntungin bapak sebut ketah
955,berjamaah bohong surat suara bakar papua kpu ksp polri rentak kata surat suara pakai
956,sheismysin kpuid selamat pagi proses semua data masuk proses data menang pasl
957,tps ds gorowong parungpanjang bogor jabar suara sah mmbengkak jadi dahnilanzar fadlizon
958,salah input laku kpuid selalu rugi kait pemambahan depa
959,salah situng kpu x amp x salah x amp x curang x amp x curang masif x lebih jahat
960,maaf prof presiden ri jadi inget situng kpu sayanya
961,anggap situng kpu bermasalah zon henti hitung via post
962,kenyoriee ddarpen kpuid pantang mundur
963,agoeswidiantoro rmolco data c dipegang bpn sdh bukti menang nyata upaya menggagalk
964,buat tug input pidana pasal undangundang pemilu anggota kpu lalai men
965,tinjau situng kpu zon hitung caya masyarakat via tribunnews
966,doncorleone kpuid kpu tdk beri beda salah input sengaja menginput salah
967,coba inget pakakhir sering salah ngomongatau sby presiden ttg prosentase kesal
968,bahan bakarnya kpu pke solar jd loyo input coba pke batu bara ngaciiii
969,tempur lanjut bu versus alih kpubawaslu versus rakyat kuat siapa
970,dukung kawal penghitunggan kpu semanggat
971,kpps tinggal dunia ketua kpu pd disorot kamera sakit jiwa
972,hukum gantung ketua kpuid
973,mohon kpuid jangan main suara rakyat juang suaranya didengar dicu
974,ketua it bpn agus maksum bunya kurang sekarang situng malah tambah kacau brutal bu salah
975,untung yah sidang isbat muibmkg lapan coba kpu hari jadi bu puasa wabah lapar
976,biasav modal inspect element bilang kpu curang
977,udah masabudiman jangan lalu bela kubu sebelahlamasih lupa kalau ketua kpu mati penuh misi
978,petisi sdh dilaku disetujui waspada laku curang mulai kpu tingkat endah sd kpu tinggi
979,kpu tolak mentahmentah minta mendiskualifikasi jokowimaruf amin bagai pilpres
980,riasulaimani onnowpurbo kpuid buktinya buktinya mana berapa total tps ang punya bukti kr
981,unkwonmouse kpuid gw kagak yakin emang mahasiswa kritis peduli
982,pramono anung sebut minta rizieq setop situng kpu aneh
983,tanggapi temu jokowiahy demokrat sebut lalu dini bicara koalisi amir menyataka
984,cahyoyok msapunya kpuid bawasluri mana ngerti prof kaya gituan taunya  bulan
985,kpuid masabudiman masws viryanazis hsymasyari novidaevi pramonoutan ksetyawan rekap data entry sel
986,fadlizon kpuid langkah tepat untk langsung pantau mimimal kurang buruk sangka
987,abdulrachim zarazettirazr kpuid moga prabowo sandi naikorang curang penghianat dihukum seb
988,zon situng kpu bermasalah baik dihenti
989,kapan beresnya kpuid kalau salah input trs rakyat kesal banyak salah rakyat sekar
990,kpuid salah input hoax
991,saran neehh hari tetap kpu mei yad lu comparare data c relawan saksi
992,kpuid msaiddidu hati dinilai hati ungkap benar gantung s
993,bangray akuntofa kpuid prabowo rasa menang qc tp deklarasi menang nyuruh org utk nego spy
994,divhumaspolri mohon kpuid tangkap banyak hoax c banyak suai input datanya hoax jg
995,kpuid tlg direvisi input utk tps kelkesenet banjarmangu banjarnegara jateng data diinput tp
996,msapunya mayairma waduh kpu udh mmg g syg rakyat rupiah hlg semualalu pd sp rakyat taruh ke
997,kpuid tpi undangudang laku cmn buat ber duit qlu ber duit mnh laku namanya undangundang
998,provinsi banten dikuasai tinggal situng kpuid dijaga situng kpu banten sen
999,sore tadi bpn data fakta kait pola curang tsmb tps diverifikasi
