,Tweet,Scores
0,kpuid bawasluri mantap,1
1,legowo sama hasil situng emng kalah legowo pilgub dki aman,1
12,kpkri bap udah revisi situng kpu direvisi bener sem,1
17,dukung cinta indonesia adil makmur curang pemilu kedepannya jangan,1
22,bilang kalian lembaga survey bayar atur quick count adil paling bertanggungjawab atas ricuh,1
23,nyata duka citasimpati atas jadi jokowi jancuk,1
25,guru besar ui kpu layak jadi hasil pemilu,1
27,lama nongol romy sampai selamat kpu laksana pemilu jurdil,1
28,menang telak jawa barat jawa timur dki banten aceh padang ntb jambi,1
30,insya allah senin besok mulai puasa ramadhan sama mohon maaf lahir batin moga semua jalan,1
34,tiap fungsionaris lembaga selenggara pemilu lu komentar suatu suatu potensi undang,1
38,jelas kpuid prov jawa barat kota kota sukabumi lembursitu kel situmekar tps,1
47,bu situng kpu direvisi bap direvisi banyak ajaib sejak rezim kuasa,1
48,baru hasil real count kpu pilpres jokowi vs prabowo hari jumat mei data masuk jokowimaruf,1
49,pikir lantas siapa bertanggung jawab atas semua bang lulus menjdi kpu sedang tugasnya,1
51,pantesan klo kamvrets pintar enak bilang dungu data sedia sedang dibaiki sama kpu,1
55,saksi prabowosandi tanda tangan berita acara hasil rekapitulasi kpu kota blitar padahal temu,1
59,hukum kpuid mantap,1
60,hadiri acara silaturahmi rekonsiliasi pasca pilih umum gunungkidul dim,1
61,video awasi situng saran masuk diawasi cek ulang data situng entri,1
62,kpuid data tampilan depan dibaiki dibuka eh data sedia naik,1
66,situng kpu soal capres jokowi unggul sen,1
68,sabtu pagi hasil hitung via kawalpemilu situng kpuid,1
69,hati hati kpu,1
71,langkah sinergi jalin lalu suluh bangsa tokoh turut diwujud kpuid,1
75,moga kalian segera,1
85,bu situng kpu direvisi bap direvisi banyak ajaib sejak rezim kuasa,1
86,bpn tanya hitung suara kpu,1
88,selamat pagi semua jadi acu bukti bawasluri kpuid,1
90,masyaallah iknya matahari surabaya henti langkah masyakat suara benar tuntut adil,1
94,jakarta proses hitung suara hasil pilih presiden cara real count,1
95,kpuid bawasluri kejar imbang quickcount tv,1
98,moga babinsa jauh lebih jujur kpu bekualitas,1
101,selesai baiki,1
104,bocah kelas i masuk database katanya security data utamanya aman gimana ahli kira ruang penting kpu,1
106,prabowo mas sandiuno tetap semangat safari beri semangat ucap ima kasih dukung,1
107,pleno kpu kuningan rini sujiyanti kalah oni suara calon dpd ri,1
112,situng kpu sabtu pagi lihat jokowimaruf unggul sen,1
114,betul bang kalau bu people power kpu bakal ngakui salah,1
115,lihat pemilu pilpres uras anggar sangat besar capai rp triliun mirisnya,1
119,kunjung prabowosandi aceh raya syukur menang bpn prabowosandi bawaslu bahas curang it situng kpu,1
121,real count kpu sen jokowimaruf unggul sekira juta suara,1
127,bpn prabowo sandi halal macam cara menang walaupun posisi kalah cara biadab dilaku,1
130,like kpuid,1
132,propinsi aceh hasil rapat pleno kip kpu tingkat kota aceh utk pilpres siapakah kuat kota banda,1
143,server kpu rasa warnet,1
146,enak ngomong ngademin beresin kpu sby tinggal bilang jujur sby kaya anak,1
148,cuman laksana intah hr pakai alas segala situng kpu bermasalah,1
149,baru medan sumut jateng jatim bali lebih gila jateng wow jujur,1
151,moga tugas sengaja pangkas suara dipangkas umurnya dipangkas rezekinya amin,1
155,situng kpu sabtu pagi lihat jokowimaruf unggul sen,1
162,lemhannas minta semua pihak paksa kpu,1
165,apresiasi khusus presiden tokohtokoh nasional atas laksana pemilu raya cara,1
166,banyak data suai c prodem minta situng kpu dihenti,1
167,stop situng kpu pola hitung manual disaksi publik cara buk,1
171,tunggu situng kpu sby imbau semua pihak tahan diri,1
172,ketua pbnu cayai hasil hitung kpu,1
174,situng kpu bu hitung menang pilpres hitung manual dianggap sah kpu,1
175,kpu ri bawaslu selidik sbenarnya tuju harap dibalik,1
176,c dibikin rangkap dg isi data sama tanda tangan cara sah masing saksi diberika satu,1
177,kpu pangkalpinang selesai rekapitulasi tujuhkecamatan,1
178,sukses buat kpu selenggara pemilu lancar jujur buat,1
181,jokowi kpuid mesti takut bunya udah menang paham sama kalian wkwk,1
185,udah buzer kpu ri bersih dulu kpu sekarang dukung,1
186,tolak people power aliansi mahasiswa bandung siap kawal kpu,1
187,kpuid eits hati moga ngetuitnya ikhlas,1
188,moga kpu tetap amanah komisioner kpu ilham saputra komisi pilih umum kpu curang,1
193,abotan bekas warnet sekarang disimpan tor kpu bangga tunjuk abotan rasa malu uang,1
196,situng kpu baru capai sen,1
200,kerja mu kek gitu,1
204,bang karni buya kpu te pihak manapun,1
205,pakai etika sedikit sabar sedikit hasil kpu umum kasih,1
207,asal ngemeng tong kemarin tantang,1
209,penting rakyat penting golong turut beberapa lembaga survey,1
210,update baru hasil real count kpu pagi mei suara masuk,1
212,uji benar ima rc kpuid main aman oportunist capek,1
215,setauku situng bu dasar tetap jumlah suara tetap jumlah suara tetap hitung manual situng,1
220,update jelang pagi data masuk selisih suara juta moga wiken lancar senang,1
223,kawatir hitung kpu hasilnya beda hitung tim tetap hitung,1
224,maaf prof inilah udah bela kpuid curang jadi ngehitungnya ikut hitung kpu,1
225,hukum alam sama hukum rimba satu kabupaten beda camat,1
228,baru governoor of indonesia,1
229,pecah maya jangan ditambah kpu bawaslu pasti bener kasihan pemilu,1
230,modus baru lalu tps menang dgn suara tanda tangan semua saksi sampe kpu c beda,1
231,heran kampret awalnya kalah qc suruh nunggu kpu gilir hitung real kpu hampir selesai kelejotan,1
235,selamat pagi proses semua data masuk proses data menang paslon,1
238,kpuid suara naik duluan lu revisi naik belag lu revisi duh kacau,1
241,mimin kpuid sayang kapan postingan like gitu mimin like postingan,1
243,oppositelinks kpuid bawasluri cara simpen video tweeps gimana kudet bener emak,1
244,maspiyuuu kpuid jarot kalah sumut,1
245,kpu hasil pemilu ditentu it semua beri situng kpu us laku input data,1
248,cek situs hitung kpuid jaksel banyak kosong gimana,1
249,baik situng kpu dihenti lalu banyak errornya,1
257,kpu pangkalpinang selesai rekapitulasi tujuh camat,1
262,dukung habis kpu kerja maksimal pihak,1
263,kpu bayar taipan partisipan pikir utnya sendiri punya rasa cinta bangsa,1
266,tv sampe hitung masuk hitung situng kpu posisi ubah aneh,1
268,prabowo kalah turut quick count turut real count situng kpuid menang turut bacotnya,1
269,iya rakyat legowo politik benar rakyat cara langsung,1
275,masalah situng kpu hubung server masalahnya software bu hardware,1
276,warning semua kaget lihat video ketua kpu tunjuk ruang it kpu lu informasi bu ruang it kpu,1
277,sekarang teknologi informasi it kpu canggih habis dana milyaran rupiah gagal penuh,1
281,betul ikhtiar total apapun hasil kpu tunggu arah ulama,1
282,kpuid kalau jae menang kelar rekapnya cukup senyum liat laku mu,1
289,gini lho tuju tinggal gimana tanggap bawaslu pihak kait,1
290,sekjen golkar idrus marham yakin syarat kpu lengkap,1
292,kpu gelar rapat pleno rekapitulasi suara,1
293,soal server kpu dioasi sila tanya menang tender sewa drc kpu pt cyber network,1
298,menang pilpres hasil hitung manual kpu ketua komisi pilih umum kpu arief budiman tegas,1
302,kpuid komisi tipu umat,1
304,parpol koalisi fpi hti dukung garis keras lainnya us manuver giring opini,1
308,bapak jurkamnas hebat datanya darimana kpu laku proses,1
311,salah semangati kpu lebih penting semangat dirinya tetap sehat,1
313,bener banget kpuid duit kalian guna duit rakyat,1
314,prof tamburin moga bawaslu adil cepat tanggap selesai kisruh moga kpu segera netral,1
322,kalau menang seminggu udah rampung realcount kpuid karna menang sengaja dilamain,1
323,mohon dikoreksi tayang real count kpuid imakasih,1
325,didukung golkar jokowi menang suara atas sen pemilu datang,1
334,kpu hasil pemilu ditentu it semua beri situng kpu us laku input data,1
339,tunjuk jelang ramadhan menang bangsa indonesia insya allah hitung suara insya allah aman,1
340,warning anak kecil anggap server sewa kpu sangat mudah obos coba tanya anak paud,1
343,kpuid suara naik duluan lu revisi naik belag lu revisi duh kacau,1
347,moga bawaslu adil cepat tanggap selesai kisruh moga kpu segera netral,1
350,dpt kabupaten buleleng undang disalur berati salur sedang,1
352,kalau daerah menang caya kpu kalau daerah kalah caya,1
360,tim relawan prabowo tangan bidang informasi teknologi datang gedung bawaslu datang,1
362,kpuid dukung support nah surut maju us pantang mundur,1
365,situng kpu jokowimaruf unggul kitar juta suara,1
366,mohon kpuid minta team inputnya bantu tambahin presiden gusdur tadi minta sahabat baik,1
367,golkar serah tujuh kotak isi syarat daftar kpu,1
368,utnya arief budiman lihat gendut banget samping t aman,1
372,mantul usah dengar berisik ang pikir siapa lanjut hitung,1
373,sistem it kpu dirancang ikut qc suara menang prabowo masuk otomatis tps suara,1
374,suka kalian,1
378,menang telak jawa barat jawa timur dki banten aceh padang ntb,1
380,heran klaim menang deklarasi menang sujud syukur iak kpu curang,1
381,heran aplikasinya validasi jumlah suara sah jumlah,1
383,jaga barang buktinya masalahnya jujur bawasluri,1
385,menang mana tiap provinsi menang segera deklarasi,1
387,update hasil hitung pemilu presiden ri tingkat,1
388,tuju maju us moga allah senantiasa lindung mudah urus bapak kpu,1
389,iya salfok sama ut haha,1
390,seru frustasi kalah,1
393,tular damai ano nusantara dukung kerja kpu bawaslu ulama habaib tokoh,1
395,manfaatnya dilakukn pihak jawab mungkin pihak,1
398,kpuid o gitu disebar tps c fotocopy data suaranya asli sedang c aspal,1
399,mirip kpu sama suka merubah sejarah salah input salah ngomong mudah segera sadar,1
400,kpuid server secanggih apapun ngaruh hasil hitung manual jenjang,1
401,kpuid moga benar segera ungkap aamiin allah,1
402,fadlizon tuju banget bapak kpu liat kalau curang kalau akhir bapak kalah ima,1
407,bagai wakil ketua dpr hari gini baru datang situng kpu,1
414,kpuid diatur atu patuh uu pret,1
416,baik sabar tunggu umum kpu mei henti klaim kemengan siapapun pilih presiden,1
427,kpuid sumpah ratus juta sen caya kpu yakin qc menang paslon,1
428,maaf usul,1
430,samina wa atona mbah tunjuk jelang,1
432,bener lihat lacur politik kpu lawan akal sehat dukung curang nauzubillah dzalik,1
434,ko beda yah sama lapor kpu kemarin baik moga,1
437,mulai buka suka nuduh gilir diminta data mu jelas bilang menang,1
439,prabowo mas sandiuno tetap semangat safari beri semangat ucap ima kasih dukung,1
441,kpuid tahu berberapa pihak masuk liki c suai c kpps jawab prtanyaan sebut,1
447,ecek banget kerjanya,1
448,kpuid salah input bancak punya hati nurani laku amanah moga azab didunia segera aamiin,1
449,tuju kpu jelas,1
450,sangat kejut hari temu salah entry data jumlah oleh audit,1
452,msapunya fadlizon kpuid bawasluri curang umum langsung menang,1
454,kpuid klo berani jurdil hebat,1
455,maaf caya pilih jadi anggota dpr,1
459,konsistensi diamati mudah justifikasi suatu data kpuid adil level,1
464,kpuid berani jujur,1
466,baru medan sumut jateng jatim bali lebih gila jateng,1
467,tanya hukumnya suka hendak allah suatu takdir,1
468,kpu nyata prabowo menang bengkulu caya kpu nyata jokowi menang pilpres caya kpu,1
472,guru besar ui prof rusli nyata komisi pilih umum kpu layak jadi hasil pemilu,1
473,kpuid jujur jadi ibadah kecuranganmu jadi azabmu,1
476,tuju dihenti laku baik system manajemen hitung kpu maya audit dulu,1
479,anget cek tkp langsung c ditukar sinetron kpu,1
480,revisi jawa barat kota sukabumi lembursitu situmekar tps hasil pindai dihapus situng kpu,1
482,kpuid cuman kalian kerja banyak salahnya dodol,1
483,jk mahfud jadi tim prabowo tahun mungkinan serah kala,1
492,himbauan seluruh dukung tiap daerah resmi sidang pleno suara fokuslah,1
493,hasil pleno kpu pamekasan prabowosandi menang seluruh camat,1
501,oke harga dukung mbaknya pakai akal sehat,1
502,visa kpu nular bela korting us,1
507,coba tanya sby x rasa hasil kinerja kpu kpu jadi alat selenggara,1
508,pantau langsung proses situng sistem informasi hitung suara kpuid proses situng sering alam banyak salah,1
511,bu ahli it temen lulus luar negri bidang it satu kalimat komentar,1
513,kpu tetap menang people power atasi air mata mungkin takdir akhir zaman,1
514,bawaslu lemari kpu bu server bawaslu suka bilang heker masup sistem,1
516,kpuid kalau gaji hitung kpu juta,1
517,turut pakar it universitas airlangga soegianto soelistiono situng kpu lu dihenti,1
518,pilih kpu maksudnya punya hak pilih pimpin rakyat bu kpu,1
520,muda beri rasa ima kasih masak tua malah jadi provokator kecam people power aliansi,1
521,hargai kerja waras kpu selalu benar mata menang kalah,1
525,kpu tegas situng bantu jadi alat kontrol bu hasil resmi ditetap kpuid jadi ndak usah,1
527,rekapitulasi kpu makassar jokowimaruf kalah sangkarrang,1
531,kpuid siapa pilih baik buat negara hendak allah maya,1
533,qc meleset paling selisih kalau ilmu meyakinin masalah,1
534,hasil hitung suara pilpres diunggah kpu ri lalu sistem informasi hitung,1
539,kpuid betul presiden receh,1
541,kpuid kpu rasa cebong,1
545,kpuid cara pakar it unair soegiono soelistiono temu salah lebih canggih sayang fb,1
546,sejak data masuk suara hingga sekarang data masuk angka suara vs ubah selalu,1
549,kpuid bawasluri cik api kecil kalau banyak jadi besar,1
550,serah ima dokumen hasil rekapitulasi suara pemilu kota lubuklinggau sekertariat kpu sumsel jumat,1
553,kpuid betul banget,1
554,rakyat rindu siden tegas amanah,1
556,janggal formulir c sistem informasi hitung suara situng kpu jadi tps celawan pantai cermin serdan,1
559,saran kpuid bawasluri buatlah hitung suara berbasis c buka propinsi proses pe,1
560,augustaiman aguscipto suburbur guecebongs turut ima kalah nuduh kpu mainka,1
561,kpu tunduk undang undang,1
565,antaranews iyalah introsfeksi dong krn alas masuk akal ang curang hrs dibukti sika,1
566,detikcom sangat harga jasa tugas tps kpu bawaslu,1
571,jonathan matanajwa ea betul dukung selalu iak curangsea udh gk prcya kpuamp baeaslu hadeh main hakim sendri hihihihi,1
577,alanborut kpuid menang telak jawa barat jawa timur dki banten aceh padang,1
582,hnurwahid semua akun soegianto dibaned siapa laku jlas panik tp banyak lg pakar it y,1
585,guru besar ui kpu layak jadi hasil pemilu,1
586,kpuid masabudiman masws viryanazis hsymasyari novidaevi pramonoutan ksetyawan yakin,1
589,yokoersa lyamadinaadilla ngapain nunggu mk segala lebih baik sdh tahu skrng kpu seger,1
591,sy usul hitung real count kpuid harusnya mulai satu satu daerah provinsidn live siar sel,1
593,hargai kerja waras eh kerja keras kpu selalu sama dg fakta lapang,1
594,fadlizon kpuid pksejaha ijin tanya ndan pagi angka ditampilan web kpu klop dihitung manu,1
597,kpuid bagus banyak cakap,1
599,benar nasihat gaul dgn tug minyak wangi wangi gaul kpu yah kyk g,1
600,onnowpurbo kpuid aamiin yra moga kpuid jujur berani tunjuk benar,1
604,beda sama c asli bisanya kpuid menginput c salah gimana awas cc,1
605,dihadiri mbah moen said aqil ulama ajak umat islam serah hasil pemilu kpu,1
607,atur kpu kait tetap presiden pilih digugat ma,1
609,lisaamartatara kpuid moga jadi titik baik utk nasehat nasihat jujur kunci,1
611,masbrewk sriyunitazizah kpuid lawan zalim,1
613,romi kasih selamat kpu warta ekonomi,1
614,tsamaradki kpuid akun kw lebih orisinil ori,1
617,kompasiana penting awasi kpu soal pindah ibukota diurus,1
619,fadlizon post rasa anggota koalisi tetap tunggu hasil kpu ambisi banget jatuh kpu,1
620,geser kotak suara kawal polsek medan baru kpu kota medan,1
621,imayadewi spiondungu kpuid uang dibalik pilih ket kpu,1
624,ireneviena kpuid menang telak jawa barat jawa timur dki banten aceh padang,1
626,diiksa kpk ucap selamat untukkpu,1
627,sukabumi jawa barat alhamdulillah lebih utk hasil pleno kpu atas rekapitulasi pilpres tingkat,1
628,thewarman jokowi prabowo negara namanya hukum laku benar jadi curang milik,1
631,fadlizon bang fadlizon fahrihamzah tim bpn awas ttg situng kpu mohon dikuat pasuk sak,1
632,moga kawan sejuangan baik baik hasil bongkar masalah bocor server kpu hi,1
633,ulama kota madiun apresiasi kpu pemilu damai detiknews,1
636,abotan bekas warnet skrg disimpan tor kpu dgn bangga tunjuk abotan rasa malu dgn uang,1
641,kpuid tarik undang undang mana moga bu undang uang uang undang undang uang uang u,1
644,gelar ikrar sama syukur warga jakut ajak semua hormatikpu,1
645,bocahndablex soepono hnurwahid kpuid klo dikasi foto dibilang ibadah pamerin bener suci,1
647,vivacoid ancene ancik gatel gae kisroh wong jatim ae menang kalah opo jare kpu usah cocotmu ngablak ae,1
648,widhisetyok tsamaradki kpuid akun asli tsamaradki bu tsamaradki,1
654,katanya menang minta c kpu,1
655,mehmedii ratuanissah roosb kpuid benar mas kepikiran gmn ceritanya c palsu lolos masuk situng kpu,1
656,asdwin ronnierusli zarazettirazr dahnilanzar lisaamartatara mana nich bela narkosun yusufdumdum,1
657,mudahan ahli dulu prakarsa juang pemilu rentak sadar betapa berat sistim pemilu,1
658,zulkifllubis priyobudis kpuid bener jg,1
660,ustadtengkuzul kabar angin dipegang klo jelas tunggu tanggal mei dibukti paslon dg,1
662,lihat hasil real count kpuid sangat amburadul cenderung netral coba poling siapa presiden real,1
667,fadlizon bang fadlizon fahrihamzah tim bpn awas ttg situng kpu mohon dikuat pa,1
668,prabu menang telak jawa barat jawa timur dki banten aceh padang ntb,1
669,selamat pagi jokowi kpuid prabowo sandiuno,1
671,kpuid masabudiman viryanazis masws novidaevi hsymasyari pramonoutan ksetyawan kerja bener ja,1
673,like chili you should probably hit this langley event saturday andor sunday,1
674,muna sulawesi tenggara hasil pleno kpu kabupaten muna sultra suara sah,1
686,bocahndablex soepono hnurwahid kpuid tanya duluan data mana klaim menang emang jago ngaran,1
688,sapulidi riazahro kpuid tuju,1
689,hasbunallah wanimal wakil nimal maula wanimanasir lahawla wala quata illa billa ingat wahai pimpin amp kpuid bah,1
690,doncorleone kpuid banyak suara dicoblos setan siapa mesti selesai,1
695,tunjuk jelang ramadhan menang bangsa indonesia insyaallah pe,1
696,info digedung kpu ibarat ima semua database situng dikirim daerah depan,1
701,kpu independen pihak siapapun jokowi jokowi,1
702,joked susan janji jun langsung kampanye malah nulis politik identitas bu bantu bon,1
703,detikcom lu akuntofa tofalemontofa ngributin situng kerjaan cerdas krn banyak apapun curang,1
704,kpu curangsurat suara coblossiapa yng untung,1
706,bawaslu bali temu lebih ribu surat panggil pilih c buleleng bali dikirim kpu buleleng bali,1
707,mardani pks anggap situng kpu sunah wajibnya rekapitulasi manual,1
709,reno bawasluri kpuid msaiddidu mantap moga informasi benar,1
712,massyihaab jamrsn ustadtengkuzul masuk akal gamenang telak kalah tipis provinsi lainnyasdh je,1
713,data udh masuk spt dipasti jokowi abah khmarufamin jadi presiden amp wapres utk thn menda,1
715,lu ketemu jokowi situasi sedang masa kambang temu jokowi apapun isi temu te,1
718,abdulrachim kpuid kpu gk netral kaya wasit sepak bola ngebolin tanyaanya kalau turut kalian,1
719,team ite kpu lupa edit dn merubah data suara sistim hitung cepat tgl april pukulwib,1
721,saksi ikut semua tahap rekapitulasi proses langsung jurdil tolak tanda tangan hasilnya kar,1
724,tiap warga negara hak atas bebas berpendapat prabowo lu me,1
726,cnnindonesia kpu bawaslupunya niat baik bangsa negara nkri inimubahalah disambutdimana hatimu,1
729,kpu gelar rapat pleno rekapitulasi suara pemilu tingkat kabupaten bengkalis,1
731,kingpurwa sungai penuh kerinci jambi,1
733,zarafaul nsusan libra kpuid wr fagtng bangzul sarpakenaka pantunjp ariantobulolo hati,1
735,dagang pasar induk cibitung jawa barat gelar tasyakur calon presidenwakil presiden joko widodo kh,1
736,tinggal hari tuju umum kpu jokowi tetap pimpin suara angka,1
737,ferdinand hutahaean baik kpu setop tayang hitung situng,1
741,rmolco mulai buka suka nuduh gilir diminta data mumu jelas bilang,1
742,lisaamartatara kpuid yakinn diri doa insyaallah tuhan moga meridhoi sadar,1
744,twit rame facebuuk rame lapngan kampanye rame massa kpu banyak suara,1
746,kingpurwa bangpino cakkhum putrabanten alhamdulillahdi kabupaten kerinci jambiprabowo sandi menang,1
747,ferrykoto prabowo kpuid huahahasi ferukontol banyak cakapnya koar kyk pantek ayam padahal jelas,1
748,data kemenkeuri biaya pemilu sktr rp t biaya pemilu sktr rp t pemilu rentak hemat angg,1
749,rizmawidiono kpuid mantap diinvensi tegas maju us,1
750,wgenial impambudi fattuh ngomong kpu fakta tunjuk nyalon presiden x langsung jadi y,1
752,pleno kpu suara caleg pks tinggi kadia,1
754,kyozie guru besar ui prof rusli nyata komisi pilih umum kpu ti,1
755,lukah dibentuk badan akreditasi kpu lu kontrol sistem kerja mesin hitung kpu cara kala,1
758,anggorosabdo clethuk emangnya riziek jabatannyakok hebat henti proses hitung kpu dilindungi uu,1
759,titojalu nagaulung dahnilanzar lustrilanang swulll relawanprosandi kpuid tentu langsung menang,1
763,marakupberasa ammanahmu ustadtengkuzul mksud ammanahmu klo menang kpubawasluamptkn curang tp klo menang krn takdir,1
764,powerofreceh begini kpu pengen dipuji pemilu jurdil,1
767,detikcom detikinet moga suhero avengers kawal kpu jurdil,1
768,datangi kpu zon cek langsung hitung suara situng,1
770,hnurwahid kpuid benar benar hunan error kejar order,1
771,korantempo kalau kelompoknya menang kpu hebatekrjanya bagus kali kalau kelompoknya kalah lihat,1
773,kpuid masabudiman masws viryanazis hsymasyari novidaevi pramonoutan ksetyawan kerja bener,1
774,efek situng kpu jumlah suara dukung dikurangi sby presiden,1
775,tanda sakit hati menang hasil rekapitulasi kpu ponorogo paslon jokowimaruf,1
778,saksi prabowosandi tanda tangan berita acara hsl rekapitulasi kpu kota blitar padahal temu,1
779,begini ruang situng kpu anggota bawaslu iksa wahai anggota bawaslu pantaskah ruang situng dgn biaya,1
780,vivacoid makin stabil suara caprescawapres makin kejang pihak kalah kpu selalu salah mata kalah,1
782,abiyyu msaiddidu kpuid cakkhum zarazettirazr putrabanten maulanatigor lisaamartatara rata merek,1
783,adenromeo gardaindonews nasib bangsa tangan kpuid,1
784,update jelang pagi data masuk selisih suara jtan moga wiken lancar senang,1
785,kesalahaninputdata baik malah makin bertambahtambah kesalahanya situng kpu dinilai tambah kacau bru,1
787,demo relawan prabowosandi kpu kota bogor janji hitung suara jujur buka,1
788,charlespambers kpu bayar asuransi kpu rangkap usaha asuransi kpu koalisi tipu umat asuransi pulih kpu,1
792,ayolah kpuid fadlizon jokowi buat klarifikasi investigasi menanglah jujur cc fahrihamzah,1
793,detikcom cara tdk langsung skrg mardani caya kpu bu hasil innal koalisinya jd politisi hrs pegang kom,1
795,berita menang bagai daerah banyak diberita refleksi situng kpu aneh,1
796,cnnindonesia coba berani penting,1
801,pilkada amp pemilu dtg kpuid bawasluri dkppri buat uu upload wajib scan c asli sdh ta,1
804,fadlizon databg kpu trus bang tenang bang pastik ente lolos jadi calek bang uangnya udah abis bany,1
808,partisipasi pilih empuan banjarbaru lebih lakilaki,1
809,mbah moen harap real count kpu ramadhan jalan aman,1
810,modus baru lalu tps menang dgn suara tanda tangan semua saksi sampe kpu c beda s,1
812,mardani pks anggap situng kpu sunah wajibnya rekapitulasimanual,1
817,imayadewi komisionerkpu kpuid maya klo pemilu jng fokus ama pilpresnya calegnya jg hati,1
820,minta maaf kpu nias selatan atas salah input suara suara mnyelesai masalah kesa,1
824,kpuid guru tdk butuh ucap cm butuh contoh jujur kpu,1
825,said aqil jaga damai caya kpu,1
826,tsamaradki kpuid tuju menang indonesia,1
827,kpuid rasa tunduk sma undang,1
828,ustadtengkuzul kga masuk akal lahkpu aj lu diiksa,1
832,rmolco fadlizon jawab tanya sama kpuid masa tanya sama,1
833,breakingnews baru info teman intelijen mas mind konspirasi menipulasi hasil pilpres,1
836,baru jadi balikpapan ketua kpu disumpah pakai alquran bukti laku jujur adil,1
837,brekingnews jahat sempurna kpu anggap bengkulu jumlah suara kecil jadi entry prabowo menang,1
838,baru jadi balikpapan ketua kpu disumpah pakai alquran bukti laku jujur a,1
844,berita baru hasil real count kpu pilpres jokowi vs prabowo sabtu p,1
845,militan punya media militan punya akal sehat buat mantengin situng kpuid jam,1
848,beda c web pantau dgn c  mei sore berub,1
853,kenyoriee kpuid baru panas mungkin lebih besar diseluruh nusantara stlh umum pilpres,1
855,kpuid semua form pindai c utk tps kelbaipajung tanah merah bangkalan jatim tdk valid tps b,1
857,thearieair makin banyak data masuk makin lebar jarak menang jokowi hadap prabowo inilah ditakuti ulama su,1
859,romiemocka detikcom trus untungnya gitu mas nunjukin metodo hasil pihak lawan mk lebih,1
866,cnnindonesia salah pihak iksa dirimu dulu sdh benar hadapi realitas sekalipun pa,1
868,fadlizon kalah semua hasil kuik kuik kon legal n real kon kpugak nh ngaku kalah padahl nh kalah berkali kali,1
873,mpicommunity presidenbkuasa kpuid tul kalau undang undang msh fungsi sdh benjara bahlul,1
874,andai unggul seminggu udah data clear masuk karna unggul data masuk dilambat,1
877,reno kpuid kpuri bawaslu pihak kpuid sedang laku bodoh penggiringan opini publiktapi rakya,1
878,hnurwahid kpuid dukung pantau curang allah swt balas upaya dlm tegak jujur aamiin x,1
880,abdulrachim kpuid ribu lebih tps bagaimana kalau semua dipalsu c luput didokumenta,1
882,cnnindonesia klo jalan pikir sesat suruh henti temu diinformasi kpu utk revisi se,1
885,transparan usai kemarin ajak sekretaris parpol dukung paslon tinjau server kpu hari jumat kpu men,1
886,akuntofa kalau curang dikonfermasi sama cek and ricek sepengetahuan sy kpu sdh kerja transparan jurdil netral,1
887,detikcom kt banyak te gk kebalik justru sering ne kpu zonk,1
888,gungung titusekowibowo detikcom kpuid fadlizon kerja anggota dpr jauh beda sama linma,1
889,zorrord harryindah annasuezann kpuid jangan blok guna latih sabar kadang komen kelew,1
893,zon lihat langsung cara kerja situng kpuri,1
894,kpuid masabudiman novidaevi pramonoutan viryanazis hsymasyari masws ksetyawan bukalah mata hati an,1
895,siapakita reftywf kpuid ngerti langsung arah lawan bicara so,1
896,cnnindonesia tetap fokus awasi kpu,1
897,urus golkar sidrap laku anjangsana serah bantu panti asuh aisyiah,1
900,thearieair makin banyak data masuk makin lebar jarak menang jokowi hadap prabowo inilah ditakut,1
901,vivacoid gelar pantas buat kpuid sekarang,1
905,tsamaradki munawarali kpuid kusangka tsamara rupa tsamara akal sehat,1
907,selamat kpu laksana pemilu luber jurdil,1
911,fadlizon prabowo fadlizon prabowo modus baru tps menang dgn suara tanda tangan semua s,1
913,sinetron pesugihan pakai tumbal nyat kotak kardus kpu tumbalnya lebih banyak kardus angker,1
914,kpuid masabudiman masws viryanazis hsymasyari novidaevi pramonoutan ksetyawan kpuid kerja be,1
915,restcayah nyata visa situng kpu mulai kerja,1
916,detikcom mulai rasa kpu punya setingan dgn kubu,1
917,kpuid masabudiman masws viryanazis hsymasyari novidaevi pramonoutan ksetyawan lebih banyak,1
918,engkau prabowo sandiuno menjdi pimpin negri hormat penjara,1
920,romeodelta oppositelinks kpuid bawasluri iya maju trus nyebur kolam,1
922,pacitan utk jatim hasil pleno kpu pacitan suara sah ,1
924,hormat prabowo bang sandiuno jngan kwatir kpuid menang engkau,1
927,detikcom smpai bpn us rahasia hitung suara patut curigai rncana trtentu dgn kpu,1
928,hormat kpuid tolonglah berprilaku baik jujur adil sekrg pantau kalian bu satu,1
930,akses masuk ruang server kpu dibatasi,1
933,viryanazis kpuri fadlizon zonk tetap paham gomik,1
935,fahrihamzah patut disalah anggota dprri sah uu pemilu ttg pemilu rentak haru,1
941,selamat kpu laksana pemilu jurdil,1
942,katanya dasar exit poll rahasia milik kalian kalian menang prabowo empat kali sujud syukur ny,1
944,emang bu dek kpuid it kpu habis banyak duit rakyat sampe banyak kejanggalandi it kpu tsb,1
948,republikaonline eror salah ko us us maya petuga entri data kpu kerja profesional dong ka,1
950,kejar target rapat pleno kpu dibagi jadi panel cianjurekspres,1
952,mbah moen harap real count kpu ramadhan jalan aman tunjuk jelang ram,1
953,gowa maccini baji tps sah tdk sah sah tdk sah maklumi kpu manusia,1
954,kpuid kamu sadar sihdg jadi ribu salah input penginputan tdk imbang semua daerahy,1
957,sheismysin kpuid selamat pagi proses semua data masuk proses data menang pasl,1
958,tps ds gorowong parungpanjang bogor jabar suara sah mmbengkak jadi dahnilanzar fadlizon,1
961,maaf prof presiden ri jadi inget situng kpu sayanya,1
962,anggap situng kpu bermasalah zon henti hitung via post,1
964,agoeswidiantoro rmolco data c dipegang bpn sdh bukti menang nyata upaya menggagalk,1
966,tinjau situng kpu zon hitung caya masyarakat via tribunnews,1
971,dukung kawal penghitunggan kpu semanggat,1
979,petisi sdh dilaku disetujui waspada laku curang mulai kpu tingkat endah sd kpu tinggi,1
982,unkwonmouse kpuid gw kagak yakin emang mahasiswa kritis peduli,1
984,tanggapi temu jokowiahy demokrat sebut lalu dini bicara koalisi amir menyataka,1
985,cahyoyok msapunya kpuid bawasluri mana ngerti prof kaya gituan taunya  bulan,1
986,kpuid masabudiman masws viryanazis hsymasyari novidaevi pramonoutan ksetyawan rekap data entry sel,1
989,zon situng kpu bermasalah baik dihenti,1
992,saran neehh hari tetap kpu mei yad lu comparare data c relawan saksi,1
993,kpuid msaiddidu hati dinilai hati ungkap benar gantung s,1
994,bangray akuntofa kpuid prabowo rasa menang qc tp deklarasi menang nyuruh org utk nego spy,1
998,kpuid tpi undangudang laku cmn buat ber duit qlu ber duit mnh laku namanya undangundang,1
